card_id,initial_balance,current_balance,status,activation_date,last_updated,pattern_type
GC-STORE-0512-4054,20.0,20.0,ACTIVE,2025-01-15 08:48:26,2025-01-15 08:48:26,store
GTAQ-7608,20.0,20.0,ACTIVE,2024-12-28 13:24:44,2024-12-28 13:24:44,amazon
CARD-11214,39.98,39.98,ACTIVE,2025-01-23 17:54:55,2025-01-23 17:54:55,microsoft
GC-STORE-0512-2294,30.0,30.0,ACTIVE,2024-12-27 17:48:04,2024-12-27 17:48:04,store
GC-STORE-0512-9802,99.98,99.98,INACTIVE,2025-01-30 19:23:48,2025-01-30 19:23:48,store
KBNW-8766,50.0,50.0,ACTIVE,2025-02-19 19:32:07,2025-02-19 19:32:07,amazon
GC-STORE-0512-3066,199.98,199.98,INACTIVE,2025-01-03 12:17:38,2025-01-03 12:17:38,store
CARD-82635,30.0,30.0,REDEEMEDPENDINGEXPIREDCANCELLED,2025-01-04 13:49:31,2025-01-04 13:49:31,microsoft
7751169165086080,99.98,99.98,ACTIVE,2025-03-02 21:05:54,2025-03-02 21:05:54,retail
XZID-3253,30.0,30.0,ACTIVE,2025-01-12 11:10:07,2025-01-12 11:10:07,amazon
GC-STORE-0512-8282,400.0,400.0,ACTIVE,2025-01-11 12:15:46,2025-01-11 12:15:46,store
4746968598550019,199.98,199.98,ACTIVE,2025-02-08 13:23:26,2025-02-08 13:23:26,retail
GC-STORE-0512-7601,20.0,20.0,ACTIVE,2025-01-25 11:19:50,2025-01-25 11:19:50,store
PYDH-4259,400.0,400.0,INACTIVE,2025-01-16 13:43:41,2025-01-16 13:43:41,amazon
GC-STORE-0512-4299,20.0,20.0,ACTIVE,2024-12-21 13:28:48,2024-12-21 13:28:48,store
7932123334756975,40.0,40.0,ACTIVE,2025-01-03 13:22:09,2025-01-03 13:22:09,retail
CARD-75551,300.0,300.0,ACTIVE,2025-03-06 12:49:19,2025-03-06 12:49:19,microsoft
CARD-62731,50.0,50.0,ACTIVE,2024-12-30 11:12:12,2024-12-30 11:12:12,microsoft
CARD-42976,40.0,40.0,ACTIVE,2025-01-19 19:35:43,2025-01-19 19:35:43,microsoft
2277475444078263,40.0,40.0,ACTIVE,2025-01-17 12:07:04,2025-01-17 12:07:04,retail
GC-STORE-0512-2594,30.0,30.0,ACTIVE,2025-01-31 13:39:26,2025-01-31 13:39:26,store
GC-STORE-0512-7989,199.98,199.98,ACTIVE,2024-12-18 18:31:14,2024-12-18 18:31:14,store
CARD-74172,300.0,300.0,ACTIVE,2024-12-17 13:54:47,2024-12-17 13:54:47,microsoft
9903459123213868,100.0,100.0,ACTIVE,2025-01-20 12:55:39,2025-01-20 12:55:39,retail
DBXX-6204,400.0,400.0,ACTIVE,2025-02-10 13:20:01,2025-02-10 13:20:01,amazon
GC-STORE-0512-6799,30.0,30.0,ACTIVE,2025-02-09 19:27:18,2025-02-09 19:27:18,store
GC-STORE-0512-6198,40.0,40.0,ACTIVE,2024-12-22 13:25:04,2024-12-22 13:25:04,store
GC-STORE-0512-3600,400.0,400.0,ACTIVE,2025-01-01 12:47:05,2025-01-01 12:47:05,store
CARD-76882,200.0,200.0,ACTIVE,2025-01-03 11:41:30,2025-01-03 11:41:30,microsoft
GC-STORE-0512-8382,40.0,40.0,ACTIVE,2024-12-14 18:06:18,2024-12-14 18:06:18,store
CARD-69588,150.0,150.0,REDEEMEDPENDINGEXPIREDCANCELLED,2025-01-11 17:31:46,2025-01-11 17:31:46,microsoft
5899350110920167,30.0,30.0,ACTIVE,2025-01-11 12:13:07,2025-01-11 12:13:07,retail
8183000269577694,20.0,20.0,ACTIVE,2024-12-27 17:12:43,2024-12-27 17:12:43,retail
CARD-35640,400.0,400.0,ACTIVE,2025-01-19 13:51:01,2025-01-19 13:51:01,microsoft
QUXG-6533,50.0,50.0,ACTIVE,2024-12-25 10:26:23,2024-12-25 10:26:23,amazon
WCDR-4004,300.0,300.0,ACTIVE,2025-03-06 12:12:51,2025-03-06 12:12:51,amazon
GC-STORE-0512-3058,199.98,199.98,ACTIVE,2025-02-24 12:39:31,2025-02-24 12:39:31,store
WKWV-3315,20.0,20.0,INACTIVE,2025-03-07 13:27:36,2025-03-07 13:27:36,amazon
GC-STORE-0512-7184,39.98,39.98,ACTIVE,2025-03-03 18:57:20,2025-03-03 18:57:20,store
CARD-88765,300.0,300.0,ACTIVE,2024-12-28 13:02:34,2024-12-28 13:02:34,microsoft
BDHB-7690,400.0,400.0,REDEEMEDPENDINGEXPIREDCANCELLED,2025-01-23 19:02:41,2025-01-23 19:02:41,amazon
2525656936586136,30.0,30.0,ACTIVE,2025-01-13 17:57:06,2025-01-13 17:57:06,retail
GC-STORE-0512-1864,300.0,300.0,ACTIVE,2025-02-23 11:03:00,2025-02-23 11:03:00,store
5711388279932721,50.0,50.0,ACTIVE,2024-12-30 16:00:53,2024-12-30 16:00:53,retail
CARD-40524,300.0,300.0,ACTIVE,2025-01-11 13:27:50,2025-01-11 13:27:50,microsoft
1732517572046504,30.0,30.0,ACTIVE,2024-12-20 12:47:53,2024-12-20 12:47:53,retail
GC-STORE-0512-2511,100.0,100.0,ACTIVE,2025-02-17 18:45:57,2025-02-17 18:45:57,store
1748674700830936,400.0,400.0,ACTIVE,2025-01-23 20:34:43,2025-01-23 20:34:43,retail
9802040532551256,199.98,199.98,REDEEMEDPENDINGEXPIREDCANCELLED,2025-01-28 17:44:17,2025-01-28 17:44:17,retail
6255544154931060,150.0,150.0,ACTIVE,2024-12-20 13:15:49,2024-12-20 13:15:49,retail
4993883745865043,30.0,30.0,ACTIVE,2024-12-19 12:23:53,2024-12-19 12:23:53,retail
CARD-31155,199.98,199.98,INACTIVE,2025-02-25 13:28:57,2025-02-25 13:28:57,microsoft
MLXJ-6344,30.0,30.0,ACTIVE,2024-12-28 19:23:59,2024-12-28 19:23:59,amazon
SDFY-9582,40.0,40.0,ACTIVE,2025-03-01 11:07:06,2025-03-01 11:07:06,amazon
3901077698327117,99.98,99.98,ACTIVE,2025-02-05 19:41:46,2025-02-05 19:41:46,retail
9186401620052553,30.0,30.0,ACTIVE,2025-01-05 17:51:35,2025-01-05 17:51:35,retail
CARD-14761,200.0,200.0,INACTIVE,2025-01-15 11:17:40,2025-01-15 11:17:40,microsoft
9277382790131241,40.0,40.0,ACTIVE,2024-12-20 13:23:51,2024-12-20 13:23:51,retail
2777597489923937,300.0,300.0,ACTIVE,2025-01-08 11:58:37,2025-01-08 11:58:37,retail
MOOQ-6330,199.98,199.98,ACTIVE,2025-01-08 12:34:51,2025-01-08 12:34:51,amazon
CARD-30671,300.0,300.0,INACTIVE,2025-01-16 19:25:26,2025-01-16 19:25:26,microsoft
7500881336991670,39.98,39.98,INACTIVE,2025-03-08 11:40:49,2025-03-08 11:40:49,retail
CARD-64574,400.0,400.0,ACTIVE,2025-01-06 11:41:27,2025-01-06 11:41:27,microsoft
6164598275344873,50.0,50.0,ACTIVE,2024-12-22 17:03:10,2024-12-22 17:03:10,retail
CARD-21729,300.0,300.0,ACTIVE,2025-02-21 14:05:03,2025-02-21 14:05:03,microsoft
GC-STORE-0512-1401,50.0,50.0,INACTIVE,2025-01-01 11:46:33,2025-01-01 11:46:33,store
FLFF-4903,40.0,40.0,ACTIVE,2024-12-19 12:31:17,2024-12-19 12:31:17,amazon
CARD-32124,99.98,99.98,ACTIVE,2025-01-27 20:39:02,2025-01-27 20:39:02,microsoft
CARD-22740,400.0,400.0,ACTIVE,2024-12-13 19:35:36,2024-12-13 19:35:36,microsoft
GC-STORE-0512-9310,40.0,40.0,ACTIVE,2024-12-17 12:33:57,2024-12-17 12:33:57,store
CARD-75671,40.0,40.0,ACTIVE,2025-02-02 16:42:48,2025-02-02 16:42:48,microsoft
9448964355990861,30.0,30.0,ACTIVE,2024-12-16 11:28:14,2024-12-16 11:28:14,retail
GC-STORE-0512-6184,99.98,99.98,REDEEMEDPENDINGEXPIREDCANCELLED,2025-01-18 11:26:16,2025-01-18 11:26:16,store
GC-STORE-0512-7663,100.0,100.0,ACTIVE,2025-02-01 11:00:18,2025-02-01 11:00:18,store
4748062825865660,200.0,200.0,ACTIVE,2025-02-06 11:33:27,2025-02-06 11:33:27,retail
3094212090736438,39.98,39.98,ACTIVE,2025-01-25 11:12:30,2025-01-25 11:12:30,retail
GC-STORE-0512-2517,30.0,30.0,ACTIVE,2025-01-14 13:37:22,2025-01-14 13:37:22,store
CARD-69093,100.0,100.0,ACTIVE,2025-01-08 12:11:42,2025-01-08 12:11:42,microsoft
CARD-14115,400.0,400.0,ACTIVE,2025-01-06 11:38:33,2025-01-06 11:38:33,microsoft
GC-STORE-0512-9666,50.0,50.0,ACTIVE,2025-01-26 12:04:40,2025-01-26 12:04:40,store
GC-STORE-0512-9852,20.0,20.0,ACTIVE,2025-01-25 13:24:18,2025-01-25 13:24:18,store
CARD-50991,40.0,40.0,ACTIVE,2025-01-18 08:05:45,2025-01-18 08:05:45,microsoft
UXTA-7634,150.0,150.0,ACTIVE,2025-02-28 13:46:03,2025-02-28 13:46:03,amazon
GC-STORE-0512-5678,40.0,40.0,ACTIVE,2024-12-20 11:52:11,2024-12-20 11:52:11,store
4784665515284079,300.0,300.0,ACTIVE,2025-02-13 11:03:13,2025-02-13 11:03:13,retail
CARD-19549,100.0,100.0,ACTIVE,2025-01-30 15:34:27,2025-01-30 15:34:27,microsoft
NAKB-3295,400.0,400.0,ACTIVE,2025-01-21 13:03:16,2025-01-21 13:03:16,amazon
IFKT-7993,200.0,200.0,ACTIVE,2024-12-28 17:35:08,2024-12-28 17:35:08,amazon
GC-STORE-0512-8449,200.0,200.0,ACTIVE,2025-02-05 17:24:34,2025-02-05 17:24:34,store
UZNG-6520,200.0,200.0,ACTIVE,2025-02-05 11:11:45,2025-02-05 11:11:45,amazon
1182286742851942,39.98,39.98,REDEEMEDPENDINGEXPIREDCANCELLED,2025-01-18 18:26:13,2025-01-18 18:26:13,retail
CARD-47112,99.98,99.98,ACTIVE,2024-12-23 13:14:13,2024-12-23 13:14:13,microsoft
4856553434840961,39.98,39.98,INACTIVE,2025-02-10 11:00:29,2025-02-10 11:00:29,retail
8781468694610385,50.0,50.0,ACTIVE,2025-02-13 11:55:04,2025-02-13 11:55:04,retail
8226842329378623,150.0,150.0,ACTIVE,2025-01-04 11:54:07,2025-01-04 11:54:07,retail
BIKS-5978,40.0,40.0,ACTIVE,2024-12-12 13:24:18,2024-12-12 13:24:18,amazon
1113356146210329,400.0,400.0,ACTIVE,2025-03-10 18:39:15,2025-03-10 18:39:15,retail
GC-STORE-0512-9248,20.0,20.0,ACTIVE,2025-02-12 11:34:55,2025-02-12 11:34:55,store
GC-STORE-0512-1434,100.0,100.0,ACTIVE,2025-02-16 12:55:32,2025-02-16 12:55:32,store
GC-STORE-0512-1615,30.0,30.0,ACTIVE,2025-02-11 13:46:01,2025-02-11 13:46:01,store
CARD-21804,199.98,199.98,ACTIVE,2025-01-16 12:41:29,2025-01-16 12:41:29,microsoft
CARD-36830,39.98,39.98,ACTIVE,2025-01-26 13:45:18,2025-01-26 13:45:18,microsoft
CARD-11783,100.0,100.0,INACTIVE,2025-01-07 14:58:48,2025-01-07 14:58:48,microsoft
CARD-30189,39.98,39.98,ACTIVE,2025-01-13 21:48:40,2025-01-13 21:48:40,microsoft
7082029207624981,100.0,100.0,ACTIVE,2025-02-11 13:08:06,2025-02-11 13:08:06,retail
WMVT-1453,50.0,50.0,INACTIVE,2025-01-06 17:50:02,2025-01-06 17:50:02,amazon
CARD-70113,50.0,50.0,INACTIVE,2025-01-26 21:02:48,2025-01-26 21:02:48,microsoft
QUHB-1681,30.0,30.0,ACTIVE,2025-01-05 18:38:20,2025-01-05 18:38:20,amazon
CARD-21236,99.98,99.98,ACTIVE,2025-02-14 11:53:50,2025-02-14 11:53:50,microsoft
SVKR-1644,99.98,99.98,ACTIVE,2025-03-09 12:36:37,2025-03-09 12:36:37,amazon
CARD-78980,199.98,199.98,INACTIVE,2025-02-04 13:54:36,2025-02-04 13:54:36,microsoft
GC-STORE-0512-9822,20.0,20.0,ACTIVE,2025-01-26 19:04:46,2025-01-26 19:04:46,store
8273635759833476,100.0,100.0,ACTIVE,2024-12-26 12:21:25,2024-12-26 12:21:25,retail
9178536039642489,99.98,99.98,ACTIVE,2024-12-20 13:53:34,2024-12-20 13:53:34,retail
4847393897692018,200.0,200.0,ACTIVE,2025-01-27 19:24:52,2025-01-27 19:24:52,retail
KXCV-9036,39.98,39.98,ACTIVE,2024-12-30 12:02:09,2024-12-30 12:02:09,amazon
CARD-82537,39.98,39.98,ACTIVE,2025-01-28 18:12:36,2025-01-28 18:12:36,microsoft
GC-STORE-0512-3438,20.0,20.0,ACTIVE,2024-12-28 12:27:09,2024-12-28 12:27:09,store
CARD-56513,100.0,100.0,INACTIVE,2024-12-21 13:34:44,2024-12-21 13:34:44,microsoft
CARD-15532,400.0,400.0,INACTIVE,2024-12-20 17:17:14,2024-12-20 17:17:14,microsoft
2336424456138434,50.0,50.0,ACTIVE,2025-02-02 13:47:11,2025-02-02 13:47:11,retail
MYRC-3226,400.0,400.0,INACTIVE,2025-02-13 19:35:28,2025-02-13 19:35:28,amazon
5121559959616351,20.0,20.0,ACTIVE,2025-03-02 12:16:57,2025-03-02 12:16:57,retail
GC-STORE-0512-1069,99.98,99.98,ACTIVE,2025-01-01 11:47:11,2025-01-01 11:47:11,store
3526412338849515,400.0,400.0,ACTIVE,2025-01-16 13:55:02,2025-01-16 13:55:02,retail
GC-STORE-0512-3356,199.98,199.98,ACTIVE,2025-02-25 11:54:25,2025-02-25 11:54:25,store
1352008556813222,39.98,39.98,ACTIVE,2024-12-31 17:18:15,2024-12-31 17:18:15,retail
GC-STORE-0512-3657,39.98,39.98,ACTIVE,2025-02-15 12:13:43,2025-02-15 12:13:43,store
AIOB-8219,100.0,100.0,ACTIVE,2025-02-24 13:00:20,2025-02-24 13:00:20,amazon
FUFQ-7024,150.0,150.0,REDEEMEDPENDINGEXPIREDCANCELLED,2025-02-11 11:49:55,2025-02-11 11:49:55,amazon
XZFY-9776,20.0,20.0,ACTIVE,2025-01-13 11:54:35,2025-01-13 11:54:35,amazon
SGGS-4632,199.98,199.98,INACTIVE,2024-12-23 11:34:18,2024-12-23 11:34:18,amazon
6746438565504922,30.0,30.0,ACTIVE,2025-02-18 13:32:08,2025-02-18 13:32:08,retail
CARD-52377,40.0,40.0,ACTIVE,2025-01-23 12:15:51,2025-01-23 12:15:51,microsoft
CARD-75336,20.0,20.0,ACTIVE,2025-02-24 11:16:48,2025-02-24 11:16:48,microsoft
ZWVY-9030,50.0,50.0,ACTIVE,2024-12-31 17:15:39,2024-12-31 17:15:39,amazon
IIFI-3997,30.0,30.0,ACTIVE,2025-01-03 13:37:51,2025-01-03 13:37:51,amazon
CARD-10456,99.98,99.98,ACTIVE,2025-02-23 19:14:30,2025-02-23 19:14:30,microsoft
GC-STORE-0512-5728,39.98,39.98,ACTIVE,2025-02-01 13:08:03,2025-02-01 13:08:03,store
CARD-29585,200.0,200.0,ACTIVE,2025-02-02 11:39:04,2025-02-02 11:39:04,microsoft
GC-STORE-0512-6227,199.98,199.98,ACTIVE,2025-01-17 18:43:36,2025-01-17 18:43:36,store
UYLF-9930,199.98,199.98,REDEEMEDPENDINGEXPIREDCANCELLED,2025-01-08 12:59:33,2025-01-08 12:59:33,amazon
GC-STORE-0512-9616,100.0,100.0,ACTIVE,2025-02-14 19:47:28,2025-02-14 19:47:28,store
5955727248047896,150.0,150.0,ACTIVE,2024-12-11 13:31:36,2024-12-11 13:31:36,retail
DABD-9501,150.0,150.0,ACTIVE,2025-03-05 11:03:45,2025-03-05 11:03:45,amazon
VFWI-2801,100.0,100.0,ACTIVE,2025-02-19 11:18:14,2025-02-19 11:18:14,amazon
CARD-43260,50.0,50.0,ACTIVE,2024-12-24 17:04:23,2024-12-24 17:04:23,microsoft
4858362524617661,50.0,50.0,ACTIVE,2025-02-03 11:11:11,2025-02-03 11:11:11,retail
CARD-46175,400.0,400.0,ACTIVE,2025-02-15 11:38:48,2025-02-15 11:38:48,microsoft
GC-STORE-0512-2837,99.98,99.98,INACTIVE,2025-02-18 13:16:05,2025-02-18 13:16:05,store
CARD-43674,200.0,200.0,ACTIVE,2025-01-25 19:26:55,2025-01-25 19:26:55,microsoft
BCJO-4282,400.0,400.0,ACTIVE,2025-02-18 17:21:08,2025-02-18 17:21:08,amazon
GC-STORE-0512-1184,100.0,100.0,REDEEMEDPENDINGEXPIREDCANCELLED,2024-12-16 12:12:19,2024-12-16 12:12:19,store
3913934822911714,39.98,39.98,ACTIVE,2025-02-23 13:04:22,2025-02-23 13:04:22,retail
GC-STORE-0512-8773,30.0,30.0,ACTIVE,2024-12-14 11:42:54,2024-12-14 11:42:54,store
GC-STORE-0512-2077,200.0,200.0,ACTIVE,2025-02-08 12:33:28,2025-02-08 12:33:28,store
CARD-62276,99.98,99.98,ACTIVE,2025-01-08 13:21:52,2025-01-08 13:21:52,microsoft
1881628711663663,99.98,99.98,ACTIVE,2025-02-03 17:36:24,2025-02-03 17:36:24,retail
9853942260694136,30.0,30.0,INACTIVE,2024-12-29 17:53:18,2024-12-29 17:53:18,retail
GC-STORE-0512-2856,100.0,100.0,INACTIVE,2025-01-29 19:15:55,2025-01-29 19:15:55,store
9809118867217400,20.0,20.0,ACTIVE,2025-01-29 17:26:27,2025-01-29 17:26:27,retail
8659542316099154,30.0,30.0,ACTIVE,2024-12-26 11:37:42,2024-12-26 11:37:42,retail
BMZH-6085,100.0,100.0,ACTIVE,2025-01-22 13:49:05,2025-01-22 13:49:05,amazon
8579110748542173,150.0,150.0,ACTIVE,2025-01-14 13:47:34,2025-01-14 13:47:34,retail
YAYH-3463,20.0,20.0,ACTIVE,2024-12-28 13:02:41,2024-12-28 13:02:41,amazon
6900878236803876,30.0,30.0,ACTIVE,2025-02-12 13:30:41,2025-02-12 13:30:41,retail
GC-STORE-0512-3358,199.98,199.98,ACTIVE,2025-03-01 11:12:39,2025-03-01 11:12:39,store
9642334804273516,50.0,50.0,ACTIVE,2025-02-16 12:44:04,2025-02-16 12:44:04,retail
JALW-1878,150.0,150.0,ACTIVE,2025-02-18 12:30:06,2025-02-18 12:30:06,amazon
GC-STORE-0512-2066,400.0,400.0,INACTIVE,2025-01-27 12:31:21,2025-01-27 12:31:21,store
NOHG-9725,39.98,39.98,ACTIVE,2025-01-08 12:08:34,2025-01-08 12:08:34,amazon
1822410370999965,150.0,150.0,ACTIVE,2025-02-27 17:40:53,2025-02-27 17:40:53,retail
RCUM-3352,20.0,20.0,ACTIVE,2025-01-18 15:36:02,2025-01-18 15:36:02,amazon
CARD-37510,150.0,150.0,ACTIVE,2025-02-08 13:55:40,2025-02-08 13:55:40,microsoft
CARD-49980,39.98,39.98,ACTIVE,2024-12-28 11:25:27,2024-12-28 11:25:27,microsoft
GC-STORE-0512-8302,300.0,300.0,ACTIVE,2025-01-10 19:04:07,2025-01-10 19:04:07,store
TQVP-3581,150.0,150.0,ACTIVE,2024-12-30 08:23:15,2024-12-30 08:23:15,amazon
IUKX-8573,100.0,100.0,REDEEMEDPENDINGEXPIREDCANCELLED,2025-01-24 18:55:40,2025-01-24 18:55:40,amazon
WANR-2289,200.0,200.0,ACTIVE,2025-02-18 12:22:35,2025-02-18 12:22:35,amazon
ZLFP-4786,30.0,30.0,ACTIVE,2024-12-23 13:50:47,2024-12-23 13:50:47,amazon
CARD-74254,100.0,100.0,ACTIVE,2025-01-19 20:26:37,2025-01-19 20:26:37,microsoft
RYLA-2094,300.0,300.0,ACTIVE,2024-12-29 11:07:21,2024-12-29 11:07:21,amazon
WEFV-8772,300.0,300.0,ACTIVE,2025-01-01 11:51:09,2025-01-01 11:51:09,amazon
3614380858355128,20.0,20.0,ACTIVE,2025-02-04 16:35:38,2025-02-04 16:35:38,retail
2515674298846322,400.0,400.0,ACTIVE,2025-03-09 11:33:43,2025-03-09 11:33:43,retail
8665401217743718,50.0,50.0,ACTIVE,2025-03-09 19:30:19,2025-03-09 19:30:19,retail
3267655808212852,300.0,300.0,ACTIVE,2025-01-25 13:44:03,2025-01-25 13:44:03,retail
GC-STORE-0512-2372,99.98,99.98,INACTIVE,2024-12-24 17:32:29,2024-12-24 17:32:29,store
5099959847412520,150.0,150.0,ACTIVE,2025-03-06 11:38:37,2025-03-06 11:38:37,retail
GC-STORE-0512-4175,99.98,99.98,ACTIVE,2025-02-15 12:23:42,2025-02-15 12:23:42,store
8532606434518187,20.0,20.0,ACTIVE,2025-03-07 14:36:46,2025-03-07 14:36:46,retail
GC-STORE-0512-3021,150.0,150.0,ACTIVE,2025-03-02 13:02:21,2025-03-02 13:02:21,store
GSSP-2644,30.0,30.0,ACTIVE,2025-03-07 12:58:11,2025-03-07 12:58:11,amazon
PFNV-2113,99.98,99.98,ACTIVE,2024-12-27 17:34:06,2024-12-27 17:34:06,amazon
GC-STORE-0512-9628,150.0,150.0,INACTIVE,2024-12-14 11:42:12,2024-12-14 11:42:12,store
GC-STORE-0512-3033,300.0,300.0,ACTIVE,2024-12-21 11:28:29,2024-12-21 11:28:29,store
CARD-48400,100.0,100.0,ACTIVE,2025-01-30 11:12:52,2025-01-30 11:12:52,microsoft
CARD-94125,40.0,40.0,INACTIVE,2025-02-02 12:22:06,2025-02-02 12:22:06,microsoft
CARD-52662,100.0,100.0,ACTIVE,2025-01-06 13:41:48,2025-01-06 13:41:48,microsoft
CARD-64567,50.0,50.0,ACTIVE,2025-02-19 13:25:54,2025-02-19 13:25:54,microsoft
GC-STORE-0512-2733,300.0,300.0,ACTIVE,2025-02-26 11:59:43,2025-02-26 11:59:43,store
GC-STORE-0512-9813,199.98,199.98,ACTIVE,2025-01-16 12:50:08,2025-01-16 12:50:08,store
CARD-38180,200.0,200.0,ACTIVE,2025-02-21 13:28:57,2025-02-21 13:28:57,microsoft
6946345139416684,40.0,40.0,ACTIVE,2025-03-09 18:01:46,2025-03-09 18:01:46,retail
GC-STORE-0512-1130,300.0,300.0,ACTIVE,2025-01-26 11:21:05,2025-01-26 11:21:05,store
CARD-80340,100.0,100.0,ACTIVE,2025-02-16 11:01:09,2025-02-16 11:01:09,microsoft
7649460867798235,39.98,39.98,ACTIVE,2025-03-05 18:43:12,2025-03-05 18:43:12,retail
1092327184454104,199.98,199.98,ACTIVE,2025-03-05 11:32:29,2025-03-05 11:32:29,retail
7502471852233851,30.0,30.0,ACTIVE,2025-01-10 18:07:50,2025-01-10 18:07:50,retail
3283567001940993,150.0,150.0,ACTIVE,2025-01-21 17:38:11,2025-01-21 17:38:11,retail
3937970013685544,400.0,400.0,ACTIVE,2025-02-02 19:55:57,2025-02-02 19:55:57,retail
CARD-58666,99.98,99.98,ACTIVE,2025-01-02 18:26:37,2025-01-02 18:26:37,microsoft
8178785517697967,99.98,99.98,INACTIVE,2025-01-12 21:13:15,2025-01-12 21:13:15,retail
SPCS-2579,199.98,199.98,INACTIVE,2025-01-22 13:11:00,2025-01-22 13:11:00,amazon
CARD-45646,30.0,30.0,ACTIVE,2025-02-19 17:10:08,2025-02-19 17:10:08,microsoft
GC-STORE-0512-3700,99.98,99.98,INACTIVE,2025-01-13 12:35:45,2025-01-13 12:35:45,store
WNIA-5263,300.0,300.0,INACTIVE,2025-02-08 13:14:55,2025-02-08 13:14:55,amazon
GC-STORE-0512-8790,40.0,40.0,ACTIVE,2025-02-04 11:49:25,2025-02-04 11:49:25,store
GC-STORE-0512-1542,300.0,300.0,ACTIVE,2025-01-28 19:15:37,2025-01-28 19:15:37,store
9487948459145599,50.0,50.0,ACTIVE,2024-12-14 10:37:47,2024-12-14 10:37:47,retail
GC-STORE-0512-6475,100.0,100.0,ACTIVE,2025-02-16 18:44:37,2025-02-16 18:44:37,store
CARD-35526,20.0,20.0,ACTIVE,2024-12-21 11:36:48,2024-12-21 11:36:48,microsoft
FHFP-4802,199.98,199.98,ACTIVE,2025-02-20 12:29:35,2025-02-20 12:29:35,amazon
QFLL-5876,50.0,50.0,ACTIVE,2025-02-22 17:56:12,2025-02-22 17:56:12,amazon
3023673336337958,50.0,50.0,ACTIVE,2025-02-20 11:31:38,2025-02-20 11:31:38,retail
8805511633211575,400.0,400.0,ACTIVE,2025-03-06 17:07:17,2025-03-06 17:07:17,retail
NWVI-8665,39.98,39.98,ACTIVE,2025-03-09 12:55:04,2025-03-09 12:55:04,amazon
KFKR-8128,39.98,39.98,ACTIVE,2025-01-16 19:59:25,2025-01-16 19:59:25,amazon
GC-STORE-0512-2986,199.98,199.98,ACTIVE,2024-12-23 12:05:40,2024-12-23 12:05:40,store
7373522263417937,200.0,200.0,INACTIVE,2024-12-11 13:10:15,2024-12-11 13:10:15,retail
CARD-40456,150.0,150.0,ACTIVE,2025-02-11 12:44:02,2025-02-11 12:44:02,microsoft
MOZH-8304,150.0,150.0,ACTIVE,2025-02-24 12:12:46,2025-02-24 12:12:46,amazon
GC-STORE-0512-1024,300.0,300.0,ACTIVE,2025-03-05 13:39:08,2025-03-05 13:39:08,store
CARD-17666,20.0,20.0,ACTIVE,2025-03-04 21:17:38,2025-03-04 21:17:38,microsoft
YRVT-4102,20.0,20.0,ACTIVE,2025-02-04 13:23:27,2025-02-04 13:23:27,amazon
GC-STORE-0512-5748,40.0,40.0,ACTIVE,2025-03-08 11:24:40,2025-03-08 11:24:40,store
GC-STORE-0512-9289,30.0,30.0,ACTIVE,2025-01-21 17:05:41,2025-01-21 17:05:41,store
CARD-96423,50.0,50.0,ACTIVE,2025-02-05 13:30:16,2025-02-05 13:30:16,microsoft
CARD-49362,40.0,40.0,ACTIVE,2025-02-01 13:15:20,2025-02-01 13:15:20,microsoft
3098576893381487,150.0,150.0,ACTIVE,2025-02-03 11:59:34,2025-02-03 11:59:34,retail
3553641645178025,200.0,200.0,INACTIVE,2025-03-06 13:09:01,2025-03-06 13:09:01,retail
LITH-1292,39.98,39.98,ACTIVE,2024-12-27 12:17:17,2024-12-27 12:17:17,amazon
1058262976086101,39.98,39.98,REDEEMEDPENDINGEXPIREDCANCELLED,2025-02-20 18:48:47,2025-02-20 18:48:47,retail
GC-STORE-0512-5337,20.0,20.0,ACTIVE,2024-12-25 11:43:47,2024-12-25 11:43:47,store
6588794406028987,400.0,400.0,ACTIVE,2025-01-04 13:17:39,2025-01-04 13:17:39,retail
GC-STORE-0512-9719,100.0,100.0,ACTIVE,2024-12-29 11:27:16,2024-12-29 11:27:16,store
CARD-66139,150.0,150.0,ACTIVE,2025-01-13 12:05:03,2025-01-13 12:05:03,microsoft
6248174351303434,400.0,400.0,ACTIVE,2025-01-26 12:57:30,2025-01-26 12:57:30,retail
7282202128147956,100.0,100.0,ACTIVE,2025-02-05 11:28:05,2025-02-05 11:28:05,retail
1607324296856410,99.98,99.98,ACTIVE,2025-02-27 13:18:49,2025-02-27 13:18:49,retail
KGEU-4549,150.0,150.0,ACTIVE,2025-01-18 18:09:15,2025-01-18 18:09:15,amazon
UFKK-3269,200.0,200.0,ACTIVE,2025-02-14 13:05:35,2025-02-14 13:05:35,amazon
CARD-66821,30.0,30.0,ACTIVE,2025-03-01 15:03:36,2025-03-01 15:03:36,microsoft
CARD-94966,39.98,39.98,ACTIVE,2025-02-20 12:10:11,2025-02-20 12:10:11,microsoft
AULN-4282,150.0,150.0,ACTIVE,2025-01-22 10:38:45,2025-01-22 10:38:45,amazon
3431273005208039,400.0,400.0,ACTIVE,2025-02-13 13:15:29,2025-02-13 13:15:29,retail
BBMV-9805,100.0,100.0,ACTIVE,2025-02-15 19:28:41,2025-02-15 19:28:41,amazon
TVFA-8704,99.98,99.98,ACTIVE,2025-02-13 18:03:28,2025-02-13 18:03:28,amazon
2582636610415637,39.98,39.98,ACTIVE,2025-02-03 11:06:42,2025-02-03 11:06:42,retail
GC-STORE-0512-4807,20.0,20.0,ACTIVE,2025-01-09 12:22:38,2025-01-09 12:22:38,store
8885878195946972,50.0,50.0,ACTIVE,2025-03-01 13:57:09,2025-03-01 13:57:09,retail
DFRP-6414,30.0,30.0,ACTIVE,2025-02-06 11:43:11,2025-02-06 11:43:11,amazon
CARD-67031,100.0,100.0,ACTIVE,2024-12-18 11:09:50,2024-12-18 11:09:50,microsoft
GC-STORE-0512-4243,39.98,39.98,ACTIVE,2025-02-21 19:27:28,2025-02-21 19:27:28,store
AOTI-4807,39.98,39.98,INACTIVE,2025-02-26 13:25:38,2025-02-26 13:25:38,amazon
GC-STORE-0512-5453,50.0,50.0,ACTIVE,2025-01-03 18:03:46,2025-01-03 18:03:46,store
CARD-92529,50.0,50.0,ACTIVE,2025-03-07 18:08:26,2025-03-07 18:08:26,microsoft
GC-STORE-0512-6065,100.0,100.0,ACTIVE,2024-12-23 12:28:57,2024-12-23 12:28:57,store
GC-STORE-0512-1279,40.0,40.0,ACTIVE,2025-01-08 12:52:28,2025-01-08 12:52:28,store
GC-STORE-0512-9291,39.98,39.98,ACTIVE,2025-01-18 13:10:07,2025-01-18 13:10:07,store
6669787547830185,40.0,40.0,ACTIVE,2025-01-21 11:32:56,2025-01-21 11:32:56,retail
AOUD-2053,20.0,20.0,ACTIVE,2025-01-29 11:00:45,2025-01-29 11:00:45,amazon
VGIY-2573,400.0,400.0,REDEEMEDPENDINGEXPIREDCANCELLED,2025-02-16 13:50:12,2025-02-16 13:50:12,amazon
CARD-87084,40.0,40.0,REDEEMEDPENDINGEXPIREDCANCELLED,2025-02-04 17:55:08,2025-02-04 17:55:08,microsoft
6466625901679987,39.98,39.98,ACTIVE,2025-02-14 12:00:28,2025-02-14 12:00:28,retail
CARD-98085,39.98,39.98,ACTIVE,2024-12-23 11:32:51,2024-12-23 11:32:51,microsoft
GC-STORE-0512-1937,400.0,400.0,ACTIVE,2025-02-10 13:36:41,2025-02-10 13:36:41,store
GHBM-5392,400.0,400.0,ACTIVE,2025-01-09 13:41:22,2025-01-09 13:41:22,amazon
KYTN-2854,40.0,40.0,ACTIVE,2025-01-01 12:04:30,2025-01-01 12:04:30,amazon
3430328575950541,39.98,39.98,ACTIVE,2025-01-20 19:26:54,2025-01-20 19:26:54,retail
3256062699316884,20.0,20.0,ACTIVE,2025-01-20 18:47:57,2025-01-20 18:47:57,retail
GC-STORE-0512-1923,39.98,39.98,ACTIVE,2025-01-26 13:01:51,2025-01-26 13:01:51,store
GC-STORE-0512-1432,100.0,100.0,ACTIVE,2025-01-25 19:49:43,2025-01-25 19:49:43,store
8512563806250068,200.0,200.0,ACTIVE,2024-12-16 16:28:33,2024-12-16 16:28:33,retail
EDNH-1723,39.98,39.98,REDEEMEDPENDINGEXPIREDCANCELLED,2025-01-18 12:05:53,2025-01-18 12:05:53,amazon
CARD-56598,400.0,400.0,INACTIVE,2025-01-26 13:39:06,2025-01-26 13:39:06,microsoft
1575919956507678,40.0,40.0,REDEEMEDPENDINGEXPIREDCANCELLED,2025-02-26 13:33:09,2025-02-26 13:33:09,retail
CARD-14126,20.0,20.0,ACTIVE,2025-02-05 13:32:29,2025-02-05 13:32:29,microsoft
GC-STORE-0512-3300,50.0,50.0,ACTIVE,2025-03-01 17:09:31,2025-03-01 17:09:31,store
CARD-40980,400.0,400.0,ACTIVE,2025-02-24 11:42:55,2025-02-24 11:42:55,microsoft
AQUU-4567,400.0,400.0,ACTIVE,2025-03-04 12:48:02,2025-03-04 12:48:02,amazon
4791587866268419,30.0,30.0,ACTIVE,2025-03-04 13:17:40,2025-03-04 13:17:40,retail
FJDZ-1207,39.98,39.98,ACTIVE,2025-01-14 19:26:07,2025-01-14 19:26:07,amazon
CARD-85535,200.0,200.0,ACTIVE,2025-02-17 11:45:42,2025-02-17 11:45:42,microsoft
6481808054202038,30.0,30.0,ACTIVE,2025-02-02 13:09:13,2025-02-02 13:09:13,retail
GLJK-2286,199.98,199.98,ACTIVE,2025-01-15 12:31:34,2025-01-15 12:31:34,amazon
GC-STORE-0512-1824,39.98,39.98,ACTIVE,2025-01-02 13:43:48,2025-01-02 13:43:48,store
2864952439946234,199.98,199.98,ACTIVE,2024-12-27 13:17:45,2024-12-27 13:17:45,retail
GC-STORE-0512-3024,30.0,30.0,ACTIVE,2025-02-05 12:13:41,2025-02-05 12:13:41,store
1705899554861334,30.0,30.0,ACTIVE,2025-02-26 18:43:24,2025-02-26 18:43:24,retail
7104024513771576,300.0,300.0,ACTIVE,2025-01-04 18:42:21,2025-01-04 18:42:21,retail
6493797352577291,199.98,199.98,ACTIVE,2025-02-03 11:58:49,2025-02-03 11:58:49,retail
CARD-37699,39.98,39.98,ACTIVE,2024-12-30 08:18:28,2024-12-30 08:18:28,microsoft
4829147083058875,100.0,100.0,ACTIVE,2024-12-19 11:11:00,2024-12-19 11:11:00,retail
UOHH-3091,300.0,300.0,ACTIVE,2025-01-23 19:55:19,2025-01-23 19:55:19,amazon
GC-STORE-0512-1606,40.0,40.0,ACTIVE,2025-01-17 11:48:48,2025-01-17 11:48:48,store
5038826205833393,50.0,50.0,ACTIVE,2025-02-24 08:42:59,2025-02-24 08:42:59,retail
CARD-44310,199.98,199.98,ACTIVE,2025-01-29 12:48:02,2025-01-29 12:48:02,microsoft
7044567799230086,150.0,150.0,INACTIVE,2025-03-03 19:25:15,2025-03-03 19:25:15,retail
GC-STORE-0512-7609,40.0,40.0,ACTIVE,2025-01-09 12:33:41,2025-01-09 12:33:41,store
7066515786897181,300.0,300.0,REDEEMEDPENDINGEXPIREDCANCELLED,2025-01-02 19:11:25,2025-01-02 19:11:25,retail
CARD-63824,40.0,40.0,ACTIVE,2025-02-06 13:11:52,2025-02-06 13:11:52,microsoft
AIXZ-3008,99.98,99.98,ACTIVE,2025-02-27 13:23:56,2025-02-27 13:23:56,amazon
SJEN-6471,39.98,39.98,ACTIVE,2025-02-19 18:53:52,2025-02-19 18:53:52,amazon
GC-STORE-0512-1906,20.0,20.0,ACTIVE,2025-01-19 12:11:05,2025-01-19 12:11:05,store
GC-STORE-0512-8636,100.0,100.0,ACTIVE,2024-12-25 20:56:54,2024-12-25 20:56:54,store
GC-STORE-0512-8015,50.0,50.0,ACTIVE,2025-01-07 12:38:23,2025-01-07 12:38:23,store
CARD-80772,200.0,200.0,ACTIVE,2025-03-07 19:53:04,2025-03-07 19:53:04,microsoft
JNRB-4102,30.0,30.0,ACTIVE,2024-12-13 19:27:34,2024-12-13 19:27:34,amazon
4494786020797032,99.98,99.98,ACTIVE,2025-01-10 11:24:27,2025-01-10 11:24:27,retail
5184063580561563,199.98,199.98,ACTIVE,2025-02-08 11:09:34,2025-02-08 11:09:34,retail
CARD-85544,200.0,200.0,ACTIVE,2025-03-09 11:20:52,2025-03-09 11:20:52,microsoft
8722608199649674,150.0,150.0,ACTIVE,2025-02-13 12:31:35,2025-02-13 12:31:35,retail
GC-STORE-0512-9344,400.0,400.0,ACTIVE,2025-03-02 12:41:18,2025-03-02 12:41:18,store
5917474977989620,50.0,50.0,ACTIVE,2025-02-07 12:45:59,2025-02-07 12:45:59,retail
RTYZ-4347,150.0,150.0,ACTIVE,2025-01-24 12:24:20,2025-01-24 12:24:20,amazon
BBAF-4643,30.0,30.0,INACTIVE,2025-03-06 12:23:55,2025-03-06 12:23:55,amazon
5058014336283692,200.0,200.0,ACTIVE,2025-01-17 13:15:19,2025-01-17 13:15:19,retail
GC-STORE-0512-8800,39.98,39.98,INACTIVE,2025-02-03 14:05:34,2025-02-03 14:05:34,store
GC-STORE-0512-5921,300.0,300.0,ACTIVE,2025-02-03 12:04:40,2025-02-03 12:04:40,store
XICO-5046,40.0,40.0,ACTIVE,2025-02-01 17:58:15,2025-02-01 17:58:15,amazon
CARD-51492,200.0,200.0,ACTIVE,2025-01-23 10:37:27,2025-01-23 10:37:27,microsoft
CARD-83042,199.98,199.98,ACTIVE,2024-12-30 17:40:39,2024-12-30 17:40:39,microsoft
1411116424832293,300.0,300.0,ACTIVE,2024-12-16 13:28:01,2024-12-16 13:28:01,retail
1391844271987059,40.0,40.0,REDEEMEDPENDINGEXPIREDCANCELLED,2025-01-11 18:16:33,2025-01-11 18:16:33,retail
YNRA-1531,400.0,400.0,ACTIVE,2024-12-19 18:24:21,2024-12-19 18:24:21,amazon
FIAU-1894,40.0,40.0,ACTIVE,2024-12-15 13:41:31,2024-12-15 13:41:31,amazon
CTSI-7615,400.0,400.0,ACTIVE,2025-01-10 11:30:38,2025-01-10 11:30:38,amazon
GC-STORE-0512-5648,20.0,20.0,ACTIVE,2025-02-26 11:51:58,2025-02-26 11:51:58,store
CARD-18275,40.0,40.0,ACTIVE,2025-01-27 14:29:10,2025-01-27 14:29:10,microsoft
KVQD-6381,199.98,199.98,ACTIVE,2024-12-18 11:43:31,2024-12-18 11:43:31,amazon
CGAK-9575,50.0,50.0,ACTIVE,2025-03-08 13:29:04,2025-03-08 13:29:04,amazon
GC-STORE-0512-7761,20.0,20.0,ACTIVE,2025-01-09 12:25:02,2025-01-09 12:25:02,store
CARD-94300,20.0,20.0,ACTIVE,2024-12-19 13:41:23,2024-12-19 13:41:23,microsoft
GC-STORE-0512-9714,30.0,30.0,ACTIVE,2025-03-07 11:25:14,2025-03-07 11:25:14,store
GC-STORE-0512-8934,200.0,200.0,REDEEMEDPENDINGEXPIREDCANCELLED,2025-01-26 18:18:04,2025-01-26 18:18:04,store
7728622514524411,99.98,99.98,REDEEMEDPENDINGEXPIREDCANCELLED,2024-12-18 12:43:02,2024-12-18 12:43:02,retail
7696868943295955,199.98,199.98,ACTIVE,2025-01-12 11:14:36,2025-01-12 11:14:36,retail
8178869496847205,200.0,200.0,ACTIVE,2024-12-28 19:43:43,2024-12-28 19:43:43,retail
CARD-59662,20.0,20.0,ACTIVE,2025-02-10 11:40:35,2025-02-10 11:40:35,microsoft
GC-STORE-0512-2090,199.98,199.98,ACTIVE,2024-12-17 12:12:36,2024-12-17 12:12:36,store
6375938266984827,30.0,30.0,REDEEMEDPENDINGEXPIREDCANCELLED,2025-01-09 12:07:48,2025-01-09 12:07:48,retail
6120977159046466,199.98,199.98,ACTIVE,2025-01-01 18:21:53,2025-01-01 18:21:53,retail
CARD-14615,39.98,39.98,ACTIVE,2025-01-11 11:30:16,2025-01-11 11:30:16,microsoft
DJIY-9980,100.0,100.0,ACTIVE,2024-12-19 12:36:07,2024-12-19 12:36:07,amazon
3235614114346646,99.98,99.98,ACTIVE,2024-12-27 17:28:20,2024-12-27 17:28:20,retail
CARD-95362,99.98,99.98,ACTIVE,2025-02-12 12:58:43,2025-02-12 12:58:43,microsoft
CARD-37809,99.98,99.98,ACTIVE,2025-02-25 16:52:17,2025-02-25 16:52:17,microsoft
KXDZ-8406,30.0,30.0,ACTIVE,2025-01-08 09:50:20,2025-01-08 09:50:20,amazon
CARD-83462,20.0,20.0,ACTIVE,2025-02-05 11:03:51,2025-02-05 11:03:51,microsoft
XQMH-2690,400.0,400.0,ACTIVE,2025-01-01 11:55:28,2025-01-01 11:55:28,amazon
CARD-25908,100.0,100.0,ACTIVE,2025-03-04 13:59:48,2025-03-04 13:59:48,microsoft
YUTI-8345,40.0,40.0,ACTIVE,2025-02-12 14:53:45,2025-02-12 14:53:45,amazon
GC-STORE-0512-7092,39.98,39.98,ACTIVE,2025-02-24 12:43:51,2025-02-24 12:43:51,store
YAXM-4298,300.0,300.0,ACTIVE,2025-02-01 12:09:17,2025-02-01 12:09:17,amazon
XGSV-1890,20.0,20.0,ACTIVE,2025-02-17 11:45:44,2025-02-17 11:45:44,amazon
CARD-41988,20.0,20.0,INACTIVE,2025-01-18 17:14:10,2025-01-18 17:14:10,microsoft
MOWX-4676,200.0,200.0,ACTIVE,2025-02-18 11:05:15,2025-02-18 11:05:15,amazon
GC-STORE-0512-7693,99.98,99.98,ACTIVE,2025-01-13 12:48:13,2025-01-13 12:48:13,store
5318178605865259,50.0,50.0,ACTIVE,2025-03-07 18:43:52,2025-03-07 18:43:52,retail
ZDOC-7114,39.98,39.98,ACTIVE,2024-12-18 11:55:17,2024-12-18 11:55:17,amazon
GC-STORE-0512-6643,20.0,20.0,ACTIVE,2024-12-29 12:26:18,2024-12-29 12:26:18,store
CARD-17403,39.98,39.98,ACTIVE,2024-12-17 19:19:51,2024-12-17 19:19:51,microsoft
GC-STORE-0512-8821,40.0,40.0,ACTIVE,2025-01-14 19:12:41,2025-01-14 19:12:41,store
GKTD-1174,39.98,39.98,ACTIVE,2025-02-22 18:35:39,2025-02-22 18:35:39,amazon
FOMQ-1839,99.98,99.98,ACTIVE,2025-01-03 13:59:47,2025-01-03 13:59:47,amazon
CARD-69215,150.0,150.0,ACTIVE,2024-12-23 12:41:45,2024-12-23 12:41:45,microsoft
GC-STORE-0512-1538,30.0,30.0,ACTIVE,2025-02-20 19:47:07,2025-02-20 19:47:07,store
CARD-11410,50.0,50.0,REDEEMEDPENDINGEXPIREDCANCELLED,2025-03-09 11:31:25,2025-03-09 11:31:25,microsoft
JZNT-4509,40.0,40.0,ACTIVE,2025-02-03 13:09:02,2025-02-03 13:09:02,amazon
CARD-61897,400.0,400.0,ACTIVE,2025-01-15 12:56:23,2025-01-15 12:56:23,microsoft
CARD-26711,99.98,99.98,ACTIVE,2025-03-06 19:12:58,2025-03-06 19:12:58,microsoft
CARD-45227,30.0,30.0,ACTIVE,2025-02-27 13:54:35,2025-02-27 13:54:35,microsoft
CARD-65961,20.0,20.0,INACTIVE,2024-12-24 13:00:01,2024-12-24 13:00:01,microsoft
TXPE-3284,200.0,200.0,ACTIVE,2025-02-27 11:35:34,2025-02-27 11:35:34,amazon
GC-STORE-0512-5892,50.0,50.0,ACTIVE,2024-12-16 18:55:10,2024-12-16 18:55:10,store
CARD-25057,20.0,20.0,ACTIVE,2024-12-14 13:45:21,2024-12-14 13:45:21,microsoft
GC-STORE-0512-5140,150.0,150.0,INACTIVE,2024-12-16 12:51:10,2024-12-16 12:51:10,store
1620090976692438,99.98,99.98,ACTIVE,2025-01-16 13:08:57,2025-01-16 13:08:57,retail
GC-STORE-0512-4672,20.0,20.0,ACTIVE,2025-03-10 11:28:57,2025-03-10 11:28:57,store
GC-STORE-0512-3977,100.0,100.0,ACTIVE,2025-02-26 11:50:36,2025-02-26 11:50:36,store
6033890052262581,50.0,50.0,ACTIVE,2025-03-09 13:42:56,2025-03-09 13:42:56,retail
WYCV-7704,199.98,199.98,ACTIVE,2025-01-14 12:48:27,2025-01-14 12:48:27,amazon
YPGQ-6267,400.0,400.0,ACTIVE,2025-02-16 19:11:30,2025-02-16 19:11:30,amazon
DTTO-7114,200.0,200.0,ACTIVE,2025-02-27 11:44:48,2025-02-27 11:44:48,amazon
GC-STORE-0512-2347,50.0,50.0,ACTIVE,2025-01-18 19:23:42,2025-01-18 19:23:42,store
7975287310209107,20.0,20.0,ACTIVE,2025-01-25 11:16:13,2025-01-25 11:16:13,retail
CARD-51146,100.0,100.0,ACTIVE,2024-12-14 11:23:26,2024-12-14 11:23:26,microsoft
IJKW-7220,150.0,150.0,ACTIVE,2025-02-23 11:17:21,2025-02-23 11:17:21,amazon
5743343956837068,199.98,199.98,ACTIVE,2024-12-21 12:04:44,2024-12-21 12:04:44,retail
HRRR-4418,40.0,40.0,ACTIVE,2025-02-08 12:50:31,2025-02-08 12:50:31,amazon
SYWL-9177,50.0,50.0,ACTIVE,2025-03-06 13:49:24,2025-03-06 13:49:24,amazon
CARD-57104,150.0,150.0,INACTIVE,2025-01-14 13:48:20,2025-01-14 13:48:20,microsoft
3019563804898498,30.0,30.0,ACTIVE,2024-12-28 12:16:35,2024-12-28 12:16:35,retail
IJXV-9297,50.0,50.0,ACTIVE,2025-03-05 13:44:46,2025-03-05 13:44:46,amazon
GC-STORE-0512-3098,400.0,400.0,ACTIVE,2024-12-18 12:37:18,2024-12-18 12:37:18,store
GC-STORE-0512-3992,40.0,40.0,ACTIVE,2025-02-01 11:41:19,2025-02-01 11:41:19,store
GC-STORE-0512-9391,20.0,20.0,ACTIVE,2025-03-01 12:49:38,2025-03-01 12:49:38,store
CARD-76911,40.0,40.0,ACTIVE,2024-12-14 21:52:37,2024-12-14 21:52:37,microsoft
CARD-78093,30.0,30.0,ACTIVE,2025-02-23 11:17:58,2025-02-23 11:17:58,microsoft
CARD-65626,40.0,40.0,ACTIVE,2024-12-15 18:35:14,2024-12-15 18:35:14,microsoft
3732872376943835,30.0,30.0,ACTIVE,2025-01-26 12:29:43,2025-01-26 12:29:43,retail
AFJJ-4198,100.0,100.0,ACTIVE,2025-02-10 17:16:23,2025-02-10 17:16:23,amazon
GC-STORE-0512-6883,20.0,20.0,ACTIVE,2025-01-07 11:32:41,2025-01-07 11:32:41,store
JFQT-3434,400.0,400.0,ACTIVE,2025-01-19 12:31:10,2025-01-19 12:31:10,amazon
XGYW-5753,39.98,39.98,ACTIVE,2025-03-04 11:12:33,2025-03-04 11:12:33,amazon
CARD-92004,39.98,39.98,ACTIVE,2024-12-31 13:34:12,2024-12-31 13:34:12,microsoft
7051501712347217,30.0,30.0,INACTIVE,2025-02-17 12:41:07,2025-02-17 12:41:07,retail
FPFQ-6357,40.0,40.0,ACTIVE,2024-12-25 18:25:19,2024-12-25 18:25:19,amazon
ZJLD-6594,39.98,39.98,ACTIVE,2025-02-06 12:48:46,2025-02-06 12:48:46,amazon
EOIV-4964,200.0,200.0,ACTIVE,2025-01-15 13:01:09,2025-01-15 13:01:09,amazon
CARD-13139,400.0,400.0,ACTIVE,2025-01-18 11:48:20,2025-01-18 11:48:20,microsoft
MZTE-2787,100.0,100.0,ACTIVE,2025-01-20 13:26:44,2025-01-20 13:26:44,amazon
GC-STORE-0512-6490,150.0,150.0,ACTIVE,2025-01-08 11:16:46,2025-01-08 11:16:46,store
SBUV-1889,30.0,30.0,ACTIVE,2025-02-14 09:27:31,2025-02-14 09:27:31,amazon
GC-STORE-0512-3362,39.98,39.98,REDEEMEDPENDINGEXPIREDCANCELLED,2025-02-28 12:34:46,2025-02-28 12:34:46,store
GC-STORE-0512-4965,200.0,200.0,ACTIVE,2025-03-02 12:57:54,2025-03-02 12:57:54,store
GC-STORE-0512-8471,20.0,20.0,ACTIVE,2025-02-05 19:17:05,2025-02-05 19:17:05,store
RTTV-2387,99.98,99.98,ACTIVE,2025-02-22 12:54:18,2025-02-22 12:54:18,amazon
CARD-83074,199.98,199.98,REDEEMEDPENDINGEXPIREDCANCELLED,2025-01-26 18:31:53,2025-01-26 18:31:53,microsoft
TCRR-5952,39.98,39.98,ACTIVE,2024-12-19 13:05:28,2024-12-19 13:05:28,amazon
CARD-67461,40.0,40.0,ACTIVE,2025-01-14 13:16:27,2025-01-14 13:16:27,microsoft
MVAS-3181,300.0,300.0,INACTIVE,2025-02-14 12:28:40,2025-02-14 12:28:40,amazon
GC-STORE-0512-5876,39.98,39.98,INACTIVE,2025-02-09 12:21:04,2025-02-09 12:21:04,store
CARD-63693,99.98,99.98,ACTIVE,2025-01-17 18:26:15,2025-01-17 18:26:15,microsoft
GC-STORE-0512-7552,30.0,30.0,ACTIVE,2024-12-26 12:00:28,2024-12-26 12:00:28,store
1854829191135693,40.0,40.0,ACTIVE,2025-02-27 16:53:41,2025-02-27 16:53:41,retail
CARD-10671,200.0,200.0,ACTIVE,2025-01-13 12:53:08,2025-01-13 12:53:08,microsoft
6258167128526571,200.0,200.0,ACTIVE,2025-02-25 10:50:38,2025-02-25 10:50:38,retail
CARD-95629,30.0,30.0,ACTIVE,2025-01-29 17:36:48,2025-01-29 17:36:48,microsoft
1052615748188240,199.98,199.98,ACTIVE,2025-01-16 11:50:59,2025-01-16 11:50:59,retail
GC-STORE-0512-3370,30.0,30.0,ACTIVE,2025-01-30 16:18:25,2025-01-30 16:18:25,store
6287969456031615,100.0,100.0,ACTIVE,2025-03-02 11:02:35,2025-03-02 11:02:35,retail
UYFJ-7352,20.0,20.0,ACTIVE,2025-01-18 17:22:25,2025-01-18 17:22:25,amazon
GC-STORE-0512-9846,30.0,30.0,ACTIVE,2025-01-17 12:45:35,2025-01-17 12:45:35,store
UDMP-1785,99.98,99.98,ACTIVE,2025-01-04 11:58:17,2025-01-04 11:58:17,amazon
GC-STORE-0512-4574,300.0,300.0,ACTIVE,2025-03-07 15:39:27,2025-03-07 15:39:27,store
8356096443560358,50.0,50.0,ACTIVE,2024-12-11 18:20:19,2024-12-11 18:20:19,retail
CARD-27779,99.98,99.98,ACTIVE,2025-02-11 11:39:36,2025-02-11 11:39:36,microsoft
HCSG-9789,199.98,199.98,ACTIVE,2024-12-31 13:46:33,2024-12-31 13:46:33,amazon
1827578074128028,40.0,40.0,ACTIVE,2025-02-25 13:57:40,2025-02-25 13:57:40,retail
GC-STORE-0512-6648,200.0,200.0,ACTIVE,2024-12-27 13:54:31,2024-12-27 13:54:31,store
CARD-53367,400.0,400.0,ACTIVE,2024-12-25 12:01:41,2024-12-25 12:01:41,microsoft
CARD-22618,200.0,200.0,ACTIVE,2025-01-09 14:12:18,2025-01-09 14:12:18,microsoft
GIIR-8118,400.0,400.0,ACTIVE,2025-02-24 14:35:10,2025-02-24 14:35:10,amazon
GC-STORE-0512-1177,150.0,150.0,ACTIVE,2025-02-07 11:22:53,2025-02-07 11:22:53,store
GC-STORE-0512-2165,50.0,50.0,ACTIVE,2025-02-01 13:37:55,2025-02-01 13:37:55,store
4320535617019299,400.0,400.0,REDEEMEDPENDINGEXPIREDCANCELLED,2025-01-21 19:22:04,2025-01-21 19:22:04,retail
GC-STORE-0512-2098,20.0,20.0,ACTIVE,2024-12-31 11:17:58,2024-12-31 11:17:58,store
CHNC-3472,39.98,39.98,ACTIVE,2025-02-22 18:27:04,2025-02-22 18:27:04,amazon
SDGM-6226,150.0,150.0,ACTIVE,2025-01-26 19:20:25,2025-01-26 19:20:25,amazon
GC-STORE-0512-7356,100.0,100.0,ACTIVE,2025-03-04 12:33:01,2025-03-04 12:33:01,store
SPKU-3920,39.98,39.98,ACTIVE,2025-03-03 14:51:58,2025-03-03 14:51:58,amazon
2920747274051436,400.0,400.0,ACTIVE,2025-01-29 18:29:18,2025-01-29 18:29:18,retail
GC-STORE-0512-7916,199.98,199.98,ACTIVE,2025-02-17 11:19:37,2025-02-17 11:19:37,store
GC-STORE-0512-2111,20.0,20.0,ACTIVE,2025-01-07 08:25:39,2025-01-07 08:25:39,store
CARD-33130,20.0,20.0,ACTIVE,2025-02-28 11:11:29,2025-02-28 11:11:29,microsoft
GC-STORE-0512-8157,40.0,40.0,ACTIVE,2025-01-28 18:23:30,2025-01-28 18:23:30,store
CARD-31187,199.98,199.98,REDEEMEDPENDINGEXPIREDCANCELLED,2025-03-03 11:31:27,2025-03-03 11:31:27,microsoft
GC-STORE-0512-2613,400.0,400.0,ACTIVE,2025-02-06 14:16:34,2025-02-06 14:16:34,store
9514036364944289,400.0,400.0,INACTIVE,2024-12-30 17:39:21,2024-12-30 17:39:21,retail
QRWK-7585,99.98,99.98,ACTIVE,2025-02-05 17:09:05,2025-02-05 17:09:05,amazon
WIFE-2593,100.0,100.0,ACTIVE,2025-01-04 13:00:33,2025-01-04 13:00:33,amazon
7602014423415861,30.0,30.0,ACTIVE,2025-03-03 17:23:58,2025-03-03 17:23:58,retail
7623717283444087,200.0,200.0,ACTIVE,2025-01-26 12:17:45,2025-01-26 12:17:45,retail
TMVB-2576,50.0,50.0,ACTIVE,2025-02-27 12:50:05,2025-02-27 12:50:05,amazon
FMMF-6739,50.0,50.0,ACTIVE,2025-01-24 17:39:47,2025-01-24 17:39:47,amazon
1822376378964641,199.98,199.98,ACTIVE,2025-02-27 13:44:25,2025-02-27 13:44:25,retail
CMCC-7985,200.0,200.0,ACTIVE,2025-02-17 17:28:28,2025-02-17 17:28:28,amazon
NMJM-3729,30.0,30.0,ACTIVE,2025-01-09 20:26:52,2025-01-09 20:26:52,amazon
5945650292093618,199.98,199.98,ACTIVE,2025-01-27 18:58:11,2025-01-27 18:58:11,retail
8364462803737005,99.98,99.98,ACTIVE,2025-02-13 18:40:08,2025-02-13 18:40:08,retail
GC-STORE-0512-1382,20.0,20.0,ACTIVE,2025-01-18 11:01:46,2025-01-18 11:01:46,store
VLWZ-8758,200.0,200.0,ACTIVE,2024-12-25 17:18:10,2024-12-25 17:18:10,amazon
2522271340519284,50.0,50.0,INACTIVE,2025-01-22 12:56:04,2025-01-22 12:56:04,retail
CARD-57697,40.0,40.0,REDEEMEDPENDINGEXPIREDCANCELLED,2025-01-11 12:35:58,2025-01-11 12:35:58,microsoft
CARD-46234,39.98,39.98,ACTIVE,2024-12-24 12:08:17,2024-12-24 12:08:17,microsoft
GC-STORE-0512-2822,150.0,150.0,ACTIVE,2025-01-17 18:56:06,2025-01-17 18:56:06,store
3016213641080540,39.98,39.98,ACTIVE,2024-12-28 13:31:48,2024-12-28 13:31:48,retail
GC-STORE-0512-8403,40.0,40.0,ACTIVE,2024-12-13 13:55:53,2024-12-13 13:55:53,store
PUEX-2685,150.0,150.0,ACTIVE,2025-01-22 10:26:53,2025-01-22 10:26:53,amazon
7545665971717750,199.98,199.98,ACTIVE,2024-12-16 13:17:00,2024-12-16 13:17:00,retail
CARD-63513,199.98,199.98,ACTIVE,2025-03-07 11:14:21,2025-03-07 11:14:21,microsoft
UJRW-2653,99.98,99.98,INACTIVE,2025-01-08 11:14:46,2025-01-08 11:14:46,amazon
4659950081426074,150.0,150.0,ACTIVE,2025-01-14 19:58:58,2025-01-14 19:58:58,retail
GC-STORE-0512-2412,40.0,40.0,ACTIVE,2025-01-31 11:55:59,2025-01-31 11:55:59,store
CARD-88453,300.0,300.0,ACTIVE,2025-01-20 15:52:20,2025-01-20 15:52:20,microsoft
GC-STORE-0512-4341,200.0,200.0,ACTIVE,2025-01-15 17:32:19,2025-01-15 17:32:19,store
OROA-1074,30.0,30.0,ACTIVE,2025-01-17 19:04:40,2025-01-17 19:04:40,amazon
9694214259395850,40.0,40.0,ACTIVE,2025-01-04 11:54:53,2025-01-04 11:54:53,retail
GC-STORE-0512-5634,400.0,400.0,ACTIVE,2025-01-03 18:54:56,2025-01-03 18:54:56,store
CARD-61051,20.0,20.0,ACTIVE,2025-02-08 11:16:35,2025-02-08 11:16:35,microsoft
7699984608193513,30.0,30.0,ACTIVE,2025-02-17 20:27:01,2025-02-17 20:27:01,retail
CARD-17290,150.0,150.0,ACTIVE,2025-02-11 13:41:46,2025-02-11 13:41:46,microsoft
HRAA-1925,50.0,50.0,REDEEMEDPENDINGEXPIREDCANCELLED,2024-12-17 21:28:37,2024-12-17 21:28:37,amazon
IPJH-7510,40.0,40.0,ACTIVE,2024-12-18 13:17:34,2024-12-18 13:17:34,amazon
GC-STORE-0512-1064,39.98,39.98,ACTIVE,2025-01-15 14:16:43,2025-01-15 14:16:43,store
2765629809656698,40.0,40.0,ACTIVE,2025-03-06 13:12:56,2025-03-06 13:12:56,retail
GC-STORE-0512-6115,400.0,400.0,ACTIVE,2024-12-26 12:27:50,2024-12-26 12:27:50,store
WBSG-5778,40.0,40.0,INACTIVE,2025-02-09 11:06:51,2025-02-09 11:06:51,amazon
GC-STORE-0512-1802,50.0,50.0,INACTIVE,2025-02-11 13:22:38,2025-02-11 13:22:38,store
7769219176620371,300.0,300.0,INACTIVE,2025-01-03 13:04:22,2025-01-03 13:04:22,retail
CARD-92403,300.0,300.0,ACTIVE,2025-03-02 11:26:36,2025-03-02 11:26:36,microsoft
WOAE-8150,100.0,100.0,ACTIVE,2025-01-15 13:06:48,2025-01-15 13:06:48,amazon
YGSY-9168,400.0,400.0,ACTIVE,2025-02-03 11:59:49,2025-02-03 11:59:49,amazon
GC-STORE-0512-9581,200.0,200.0,ACTIVE,2025-01-28 13:48:50,2025-01-28 13:48:50,store
CARD-92693,150.0,150.0,ACTIVE,2025-02-10 12:47:14,2025-02-10 12:47:14,microsoft
CARD-33816,100.0,100.0,ACTIVE,2025-03-10 12:37:23,2025-03-10 12:37:23,microsoft
GC-STORE-0512-3107,100.0,100.0,ACTIVE,2025-01-12 11:34:21,2025-01-12 11:34:21,store
ANKJ-2947,20.0,20.0,INACTIVE,2025-01-09 11:37:51,2025-01-09 11:37:51,amazon
CARD-30599,400.0,400.0,ACTIVE,2024-12-21 19:15:49,2024-12-21 19:15:49,microsoft
GC-STORE-0512-7913,20.0,20.0,ACTIVE,2024-12-14 13:55:13,2024-12-14 13:55:13,store
OWVB-1136,400.0,400.0,ACTIVE,2024-12-25 12:18:07,2024-12-25 12:18:07,amazon
6346948872751266,50.0,50.0,ACTIVE,2025-01-04 11:55:25,2025-01-04 11:55:25,retail
SHEL-4303,39.98,39.98,ACTIVE,2025-01-16 11:07:21,2025-01-16 11:07:21,amazon
GC-STORE-0512-4751,39.98,39.98,ACTIVE,2025-02-10 11:19:25,2025-02-10 11:19:25,store
CARD-86037,200.0,200.0,ACTIVE,2024-12-21 13:32:03,2024-12-21 13:32:03,microsoft
GC-STORE-0512-4293,20.0,20.0,ACTIVE,2025-02-10 11:31:52,2025-02-10 11:31:52,store
CARD-11447,199.98,199.98,ACTIVE,2025-01-21 11:11:05,2025-01-21 11:11:05,microsoft
7291465714515057,150.0,150.0,INACTIVE,2025-02-13 11:14:17,2025-02-13 11:14:17,retail
ULNK-9533,50.0,50.0,ACTIVE,2025-02-21 11:52:00,2025-02-21 11:52:00,amazon
CARD-10000,199.98,199.98,INACTIVE,2025-02-26 12:50:54,2025-02-26 12:50:54,microsoft
GC-STORE-0512-4485,50.0,50.0,ACTIVE,2025-02-23 11:54:50,2025-02-23 11:54:50,store
8606779267795999,50.0,50.0,ACTIVE,2025-01-17 12:37:21,2025-01-17 12:37:21,retail
GC-STORE-0512-6381,200.0,200.0,ACTIVE,2025-01-31 11:29:22,2025-01-31 11:29:22,store
MYLQ-8064,40.0,40.0,ACTIVE,2024-12-30 18:37:34,2024-12-30 18:37:34,amazon
CARD-16073,39.98,39.98,ACTIVE,2025-01-05 13:34:22,2025-01-05 13:34:22,microsoft
GC-STORE-0512-4673,50.0,50.0,ACTIVE,2025-03-06 19:21:18,2025-03-06 19:21:18,store
6052606190413517,199.98,199.98,ACTIVE,2024-12-23 19:44:02,2024-12-23 19:44:02,retail
CARD-58872,50.0,50.0,ACTIVE,2025-02-13 12:43:14,2025-02-13 12:43:14,microsoft
CARD-10906,200.0,200.0,REDEEMEDPENDINGEXPIREDCANCELLED,2025-01-07 12:50:22,2025-01-07 12:50:22,microsoft
6375554017750088,199.98,199.98,ACTIVE,2024-12-17 12:08:47,2024-12-17 12:08:47,retail
CARD-12590,40.0,40.0,ACTIVE,2025-03-01 18:57:39,2025-03-01 18:57:39,microsoft
7054554467012805,99.98,99.98,ACTIVE,2025-02-27 16:25:01,2025-02-27 16:25:01,retail
2624775114899675,199.98,199.98,ACTIVE,2024-12-21 18:01:27,2024-12-21 18:01:27,retail
CARD-68489,39.98,39.98,ACTIVE,2025-01-28 18:37:14,2025-01-28 18:37:14,microsoft
CARD-35976,20.0,20.0,ACTIVE,2025-01-25 12:55:40,2025-01-25 12:55:40,microsoft
EHBH-9253,300.0,300.0,ACTIVE,2025-02-11 13:14:29,2025-02-11 13:14:29,amazon
2569293576224122,199.98,199.98,ACTIVE,2025-01-26 13:08:54,2025-01-26 13:08:54,retail
CARD-63529,150.0,150.0,ACTIVE,2025-02-05 12:43:55,2025-02-05 12:43:55,microsoft
CARD-36311,200.0,200.0,ACTIVE,2025-03-10 19:14:07,2025-03-10 19:14:07,microsoft
4099799561778100,300.0,300.0,ACTIVE,2024-12-31 17:37:40,2024-12-31 17:37:40,retail
EEVQ-6509,30.0,30.0,ACTIVE,2025-01-09 14:54:47,2025-01-09 14:54:47,amazon
STWG-9320,39.98,39.98,INACTIVE,2025-01-30 13:20:22,2025-01-30 13:20:22,amazon
GC-STORE-0512-1667,200.0,200.0,ACTIVE,2025-02-17 13:51:13,2025-02-17 13:51:13,store
CARD-40791,100.0,100.0,ACTIVE,2025-01-29 20:45:11,2025-01-29 20:45:11,microsoft
GC-STORE-0512-7623,39.98,39.98,INACTIVE,2025-02-16 12:16:07,2025-02-16 12:16:07,store
GC-STORE-0512-1679,30.0,30.0,ACTIVE,2025-01-22 12:23:47,2025-01-22 12:23:47,store
CARD-96337,400.0,400.0,ACTIVE,2025-03-04 12:16:47,2025-03-04 12:16:47,microsoft
GC-STORE-0512-6312,200.0,200.0,ACTIVE,2024-12-26 19:24:28,2024-12-26 19:24:28,store
CARD-39719,39.98,39.98,ACTIVE,2025-03-04 11:14:31,2025-03-04 11:14:31,microsoft
GC-STORE-0512-1360,150.0,150.0,ACTIVE,2025-03-02 17:27:35,2025-03-02 17:27:35,store
CARD-78567,199.98,199.98,ACTIVE,2025-03-10 11:02:45,2025-03-10 11:02:45,microsoft
SQGL-2418,100.0,100.0,ACTIVE,2025-02-01 14:06:46,2025-02-01 14:06:46,amazon
JRBR-1363,20.0,20.0,ACTIVE,2025-01-07 11:41:55,2025-01-07 11:41:55,amazon
7993760960215085,40.0,40.0,ACTIVE,2025-02-22 12:55:01,2025-02-22 12:55:01,retail
CARD-15951,300.0,300.0,ACTIVE,2024-12-27 13:31:42,2024-12-27 13:31:42,microsoft
GC-STORE-0512-7728,50.0,50.0,ACTIVE,2025-01-23 20:25:07,2025-01-23 20:25:07,store
QWHN-7671,100.0,100.0,ACTIVE,2024-12-15 11:43:48,2024-12-15 11:43:48,amazon
1475262225905442,199.98,199.98,ACTIVE,2024-12-24 13:57:58,2024-12-24 13:57:58,retail
VWYJ-6503,40.0,40.0,ACTIVE,2025-02-21 12:50:49,2025-02-21 12:50:49,amazon
7262811548487332,400.0,400.0,ACTIVE,2024-12-18 18:53:27,2024-12-18 18:53:27,retail
CARD-76357,39.98,39.98,ACTIVE,2024-12-16 08:39:09,2024-12-16 08:39:09,microsoft
8556720946321043,99.98,99.98,ACTIVE,2024-12-11 13:51:33,2024-12-11 13:51:33,retail
GC-STORE-0512-6595,30.0,30.0,ACTIVE,2025-01-22 11:02:58,2025-01-22 11:02:58,store
GC-STORE-0512-2643,30.0,30.0,ACTIVE,2025-01-08 11:58:16,2025-01-08 11:58:16,store
6491663853736373,99.98,99.98,ACTIVE,2025-01-12 19:59:39,2025-01-12 19:59:39,retail
1462279483878021,39.98,39.98,ACTIVE,2025-01-03 11:17:15,2025-01-03 11:17:15,retail
GC-STORE-0512-5935,200.0,200.0,ACTIVE,2025-02-19 08:29:50,2025-02-19 08:29:50,store
3569471848532760,30.0,30.0,ACTIVE,2025-01-18 11:25:53,2025-01-18 11:25:53,retail
CARD-11654,300.0,300.0,ACTIVE,2024-12-12 11:08:15,2024-12-12 11:08:15,microsoft
GC-STORE-0512-6980,150.0,150.0,ACTIVE,2025-01-31 13:51:40,2025-01-31 13:51:40,store
7219681144149727,199.98,199.98,ACTIVE,2024-12-29 13:05:01,2024-12-29 13:05:01,retail
CARD-37026,400.0,400.0,ACTIVE,2024-12-31 12:29:12,2024-12-31 12:29:12,microsoft
GC-STORE-0512-9958,99.98,99.98,ACTIVE,2025-02-15 13:23:07,2025-02-15 13:23:07,store
GC-STORE-0512-6938,40.0,40.0,ACTIVE,2025-01-18 19:17:33,2025-01-18 19:17:33,store
DWUW-3000,99.98,99.98,ACTIVE,2024-12-28 11:02:34,2024-12-28 11:02:34,amazon
3250234945628989,39.98,39.98,ACTIVE,2025-01-14 13:51:58,2025-01-14 13:51:58,retail
FHSB-2517,20.0,20.0,ACTIVE,2025-03-04 19:36:26,2025-03-04 19:36:26,amazon
IXMT-7990,200.0,200.0,ACTIVE,2025-02-23 18:44:00,2025-02-23 18:44:00,amazon
9839114223438372,199.98,199.98,ACTIVE,2025-02-17 11:54:37,2025-02-17 11:54:37,retail
PTIN-7391,150.0,150.0,ACTIVE,2025-01-23 11:16:56,2025-01-23 11:16:56,amazon
GC-STORE-0512-4052,39.98,39.98,ACTIVE,2025-02-24 17:56:56,2025-02-24 17:56:56,store
CARD-71438,99.98,99.98,INACTIVE,2025-01-27 12:59:39,2025-01-27 12:59:39,microsoft
1548998584671976,99.98,99.98,INACTIVE,2025-01-15 08:19:19,2025-01-15 08:19:19,retail
ZOXX-7330,39.98,39.98,ACTIVE,2025-02-01 15:59:10,2025-02-01 15:59:10,amazon
QYYK-8640,200.0,200.0,ACTIVE,2024-12-21 11:43:46,2024-12-21 11:43:46,amazon
5633990596575803,99.98,99.98,ACTIVE,2025-02-19 21:15:28,2025-02-19 21:15:28,retail
CARD-24984,30.0,30.0,ACTIVE,2024-12-23 17:20:21,2024-12-23 17:20:21,microsoft
HDXJ-1897,40.0,40.0,ACTIVE,2025-01-13 12:44:00,2025-01-13 12:44:00,amazon
GC-STORE-0512-6874,150.0,150.0,ACTIVE,2025-01-14 13:14:16,2025-01-14 13:14:16,store
8821391189037868,400.0,400.0,ACTIVE,2025-02-20 11:30:35,2025-02-20 11:30:35,retail
GC-STORE-0512-5377,100.0,100.0,ACTIVE,2025-02-06 12:18:59,2025-02-06 12:18:59,store
5957001703015908,150.0,150.0,ACTIVE,2025-01-02 19:42:13,2025-01-02 19:42:13,retail
LKPF-3042,50.0,50.0,ACTIVE,2025-01-16 19:05:30,2025-01-16 19:05:30,amazon
CARD-91116,300.0,300.0,ACTIVE,2025-01-17 12:15:38,2025-01-17 12:15:38,microsoft
1648505857523692,39.98,39.98,ACTIVE,2025-01-11 18:49:47,2025-01-11 18:49:47,retail
ZRSO-3186,200.0,200.0,INACTIVE,2025-01-04 17:59:46,2025-01-04 17:59:46,amazon
CARD-99644,150.0,150.0,ACTIVE,2024-12-24 13:33:26,2024-12-24 13:33:26,microsoft
OKIZ-3617,100.0,100.0,ACTIVE,2024-12-28 13:33:18,2024-12-28 13:33:18,amazon
GC-STORE-0512-8257,39.98,39.98,ACTIVE,2024-12-27 17:15:12,2024-12-27 17:15:12,store
GC-STORE-0512-8333,200.0,200.0,REDEEMEDPENDINGEXPIREDCANCELLED,2025-02-16 11:13:39,2025-02-16 11:13:39,store
HROK-9027,20.0,20.0,INACTIVE,2024-12-25 17:22:45,2024-12-25 17:22:45,amazon
GC-STORE-0512-3821,100.0,100.0,ACTIVE,2025-01-23 16:09:34,2025-01-23 16:09:34,store
CARD-76694,39.98,39.98,ACTIVE,2025-03-02 13:44:02,2025-03-02 13:44:02,microsoft
LIQM-5590,199.98,199.98,ACTIVE,2025-01-01 17:10:57,2025-01-01 17:10:57,amazon
GC-STORE-0512-2763,99.98,99.98,ACTIVE,2025-01-18 19:20:17,2025-01-18 19:20:17,store
GC-STORE-0512-4831,100.0,100.0,ACTIVE,2025-01-08 08:56:15,2025-01-08 08:56:15,store
QQSP-5935,40.0,40.0,ACTIVE,2024-12-25 19:28:07,2024-12-25 19:28:07,amazon
GC-STORE-0512-2379,39.98,39.98,ACTIVE,2024-12-29 11:14:34,2024-12-29 11:14:34,store
8796188261083522,150.0,150.0,ACTIVE,2024-12-16 12:29:22,2024-12-16 12:29:22,retail
GC-STORE-0512-6149,100.0,100.0,ACTIVE,2025-01-31 09:10:09,2025-01-31 09:10:09,store
LKSU-8878,150.0,150.0,ACTIVE,2025-03-01 11:10:30,2025-03-01 11:10:30,amazon
GC-STORE-0512-3352,30.0,30.0,REDEEMEDPENDINGEXPIREDCANCELLED,2024-12-15 19:44:49,2024-12-15 19:44:49,store
GC-STORE-0512-4623,40.0,40.0,REDEEMEDPENDINGEXPIREDCANCELLED,2025-03-07 13:29:41,2025-03-07 13:29:41,store
WIPY-9467,40.0,40.0,ACTIVE,2024-12-16 17:45:04,2024-12-16 17:45:04,amazon
CCCF-2710,20.0,20.0,ACTIVE,2025-01-07 11:19:28,2025-01-07 11:19:28,amazon
HODX-3194,300.0,300.0,ACTIVE,2025-02-19 13:05:01,2025-02-19 13:05:01,amazon
GC-STORE-0512-3713,40.0,40.0,ACTIVE,2025-01-24 11:08:05,2025-01-24 11:08:05,store
WXKC-1264,39.98,39.98,ACTIVE,2024-12-22 18:18:12,2024-12-22 18:18:12,amazon
CARD-93383,400.0,400.0,ACTIVE,2025-02-07 20:21:43,2025-02-07 20:21:43,microsoft
CARD-52453,300.0,300.0,ACTIVE,2025-01-08 08:13:24,2025-01-08 08:13:24,microsoft
QHVG-3735,39.98,39.98,ACTIVE,2025-01-02 13:39:56,2025-01-02 13:39:56,amazon
LCKF-4499,99.98,99.98,ACTIVE,2024-12-14 12:05:21,2024-12-14 12:05:21,amazon
3223224475023651,199.98,199.98,ACTIVE,2025-01-29 12:56:00,2025-01-29 12:56:00,retail
GC-STORE-0512-6431,39.98,39.98,INACTIVE,2025-01-22 11:07:49,2025-01-22 11:07:49,store
7471122456755637,150.0,150.0,INACTIVE,2024-12-11 13:00:22,2024-12-11 13:00:22,retail
CARD-60656,300.0,300.0,REDEEMEDPENDINGEXPIREDCANCELLED,2025-01-26 12:10:34,2025-01-26 12:10:34,microsoft
GC-STORE-0512-7814,50.0,50.0,ACTIVE,2025-02-21 11:50:11,2025-02-21 11:50:11,store
7587026267937481,99.98,99.98,ACTIVE,2024-12-23 17:04:17,2024-12-23 17:04:17,retail
NVFX-6961,50.0,50.0,ACTIVE,2025-01-18 13:34:16,2025-01-18 13:34:16,amazon
3540436216294553,199.98,199.98,ACTIVE,2024-12-12 13:27:01,2024-12-12 13:27:01,retail
GC-STORE-0512-8743,99.98,99.98,ACTIVE,2025-02-05 13:17:25,2025-02-05 13:17:25,store
CARD-41976,20.0,20.0,ACTIVE,2025-02-09 11:47:08,2025-02-09 11:47:08,microsoft
2569078522674212,20.0,20.0,ACTIVE,2025-01-23 12:27:43,2025-01-23 12:27:43,retail
PIBS-6634,39.98,39.98,ACTIVE,2025-01-01 11:32:10,2025-01-01 11:32:10,amazon
LTEV-2151,30.0,30.0,ACTIVE,2025-02-18 18:25:13,2025-02-18 18:25:13,amazon
GC-STORE-0512-9995,100.0,100.0,ACTIVE,2025-03-09 18:42:33,2025-03-09 18:42:33,store
TTCD-3414,40.0,40.0,ACTIVE,2025-03-08 11:59:39,2025-03-08 11:59:39,amazon
8047569487398617,20.0,20.0,ACTIVE,2025-02-01 11:58:49,2025-02-01 11:58:49,retail
CARD-17812,39.98,39.98,ACTIVE,2024-12-13 12:05:00,2024-12-13 12:05:00,microsoft
XMMD-8011,99.98,99.98,ACTIVE,2025-01-29 15:27:46,2025-01-29 15:27:46,amazon
CARD-25432,40.0,40.0,ACTIVE,2025-03-08 12:11:12,2025-03-08 12:11:12,microsoft
5051392678996434,20.0,20.0,ACTIVE,2025-01-25 13:51:25,2025-01-25 13:51:25,retail
IDDL-4185,50.0,50.0,ACTIVE,2025-01-23 17:26:40,2025-01-23 17:26:40,amazon
YNXD-3628,100.0,100.0,ACTIVE,2025-01-06 19:22:19,2025-01-06 19:22:19,amazon
7164507918614899,30.0,30.0,ACTIVE,2025-01-03 13:04:02,2025-01-03 13:04:02,retail
FTAL-6956,50.0,50.0,ACTIVE,2025-03-10 13:36:31,2025-03-10 13:36:31,amazon
4690807834091167,150.0,150.0,ACTIVE,2025-01-25 17:51:44,2025-01-25 17:51:44,retail
9945297533044992,150.0,150.0,ACTIVE,2025-01-29 17:11:31,2025-01-29 17:11:31,retail
CARD-63601,30.0,30.0,ACTIVE,2025-01-27 11:22:35,2025-01-27 11:22:35,microsoft
GC-STORE-0512-2761,400.0,400.0,ACTIVE,2025-02-15 13:15:31,2025-02-15 13:15:31,store
NRPS-6849,99.98,99.98,ACTIVE,2025-02-05 20:09:13,2025-02-05 20:09:13,amazon
CARD-76664,30.0,30.0,ACTIVE,2025-01-13 13:53:18,2025-01-13 13:53:18,microsoft
4838033823590396,100.0,100.0,ACTIVE,2025-03-07 13:30:12,2025-03-07 13:30:12,retail
CARD-62362,100.0,100.0,REDEEMEDPENDINGEXPIREDCANCELLED,2024-12-11 19:26:44,2024-12-11 19:26:44,microsoft
GC-STORE-0512-8822,199.98,199.98,ACTIVE,2025-02-05 13:09:24,2025-02-05 13:09:24,store
GC-STORE-0512-3556,99.98,99.98,ACTIVE,2025-01-13 13:05:45,2025-01-13 13:05:45,store
5358424912918202,199.98,199.98,ACTIVE,2024-12-13 13:21:05,2024-12-13 13:21:05,retail
CARD-18356,50.0,50.0,ACTIVE,2025-01-01 13:49:53,2025-01-01 13:49:53,microsoft
1690317446227753,199.98,199.98,ACTIVE,2025-03-03 18:46:20,2025-03-03 18:46:20,retail
ISBY-7312,50.0,50.0,INACTIVE,2025-01-10 16:53:14,2025-01-10 16:53:14,amazon
CARD-29391,150.0,150.0,ACTIVE,2025-01-04 11:10:58,2025-01-04 11:10:58,microsoft
YCHV-6348,400.0,400.0,ACTIVE,2025-02-07 18:08:52,2025-02-07 18:08:52,amazon
GC-STORE-0512-6618,39.98,39.98,ACTIVE,2025-01-21 11:42:31,2025-01-21 11:42:31,store
CARD-89687,99.98,99.98,ACTIVE,2025-02-13 13:49:18,2025-02-13 13:49:18,microsoft
3056563582323221,99.98,99.98,ACTIVE,2025-02-27 12:46:20,2025-02-27 12:46:20,retail
7355513085749826,39.98,39.98,ACTIVE,2025-01-18 13:32:27,2025-01-18 13:32:27,retail
GC-STORE-0512-8414,39.98,39.98,ACTIVE,2025-01-04 17:23:20,2025-01-04 17:23:20,store
GC-STORE-0512-3474,39.98,39.98,INACTIVE,2025-01-28 19:54:20,2025-01-28 19:54:20,store
CARD-54616,30.0,30.0,ACTIVE,2025-01-13 17:52:06,2025-01-13 17:52:06,microsoft
8432959531090490,30.0,30.0,ACTIVE,2025-01-21 13:38:02,2025-01-21 13:38:02,retail
GC-STORE-0512-7740,50.0,50.0,ACTIVE,2025-02-16 17:37:05,2025-02-16 17:37:05,store
CARD-74912,99.98,99.98,ACTIVE,2024-12-16 17:52:13,2024-12-16 17:52:13,microsoft
3404215126116739,20.0,20.0,ACTIVE,2025-02-04 11:13:34,2025-02-04 11:13:34,retail
CARD-49590,300.0,300.0,ACTIVE,2024-12-15 12:43:33,2024-12-15 12:43:33,microsoft
CARD-39596,199.98,199.98,ACTIVE,2024-12-12 11:16:20,2024-12-12 11:16:20,microsoft
GC-STORE-0512-2924,100.0,100.0,ACTIVE,2025-03-04 19:16:27,2025-03-04 19:16:27,store
3134875403567370,300.0,300.0,INACTIVE,2024-12-24 13:34:21,2024-12-24 13:34:21,retail
CARD-24967,150.0,150.0,ACTIVE,2025-03-08 12:53:26,2025-03-08 12:53:26,microsoft
AKWK-6242,400.0,400.0,ACTIVE,2024-12-31 17:36:29,2024-12-31 17:36:29,amazon
GC-STORE-0512-8739,199.98,199.98,ACTIVE,2024-12-28 13:47:27,2024-12-28 13:47:27,store
CARD-98286,39.98,39.98,ACTIVE,2025-01-22 13:17:29,2025-01-22 13:17:29,microsoft
CARD-22260,20.0,20.0,INACTIVE,2025-01-03 13:20:59,2025-01-03 13:20:59,microsoft
5557696879625045,50.0,50.0,ACTIVE,2025-01-15 13:50:59,2025-01-15 13:50:59,retail
JOZE-1022,400.0,400.0,ACTIVE,2025-02-26 17:41:06,2025-02-26 17:41:06,amazon
1595784110320410,39.98,39.98,ACTIVE,2025-01-31 13:20:45,2025-01-31 13:20:45,retail
CARD-31117,100.0,100.0,ACTIVE,2024-12-22 11:35:12,2024-12-22 11:35:12,microsoft
2205083892062411,100.0,100.0,ACTIVE,2024-12-16 17:18:18,2024-12-16 17:18:18,retail
8918912273060874,200.0,200.0,ACTIVE,2025-02-11 12:11:37,2025-02-11 12:11:37,retail
ZZWB-5647,39.98,39.98,INACTIVE,2024-12-31 11:28:29,2024-12-31 11:28:29,amazon
LPAG-3625,39.98,39.98,ACTIVE,2024-12-12 12:51:25,2024-12-12 12:51:25,amazon
SRZR-1301,100.0,100.0,INACTIVE,2025-02-21 17:55:02,2025-02-21 17:55:02,amazon
GC-STORE-0512-8699,150.0,150.0,ACTIVE,2025-02-23 11:50:55,2025-02-23 11:50:55,store
BHUC-3412,20.0,20.0,ACTIVE,2024-12-13 12:07:34,2024-12-13 12:07:34,amazon
SBOV-2855,300.0,300.0,ACTIVE,2025-02-13 13:40:46,2025-02-13 13:40:46,amazon
CARD-15581,199.98,199.98,ACTIVE,2025-01-29 13:29:30,2025-01-29 13:29:30,microsoft
OLUB-2766,30.0,30.0,ACTIVE,2025-02-27 13:45:08,2025-02-27 13:45:08,amazon
5533786440965386,40.0,40.0,REDEEMEDPENDINGEXPIREDCANCELLED,2025-01-20 19:25:09,2025-01-20 19:25:09,retail
CARD-84872,100.0,100.0,INACTIVE,2025-02-19 11:38:42,2025-02-19 11:38:42,microsoft
CARD-82154,30.0,30.0,ACTIVE,2025-01-10 19:01:35,2025-01-10 19:01:35,microsoft
GC-STORE-0512-1166,200.0,200.0,ACTIVE,2025-02-13 11:40:39,2025-02-13 11:40:39,store
CARD-30778,50.0,50.0,ACTIVE,2025-03-04 17:06:15,2025-03-04 17:06:15,microsoft
9841893746563766,200.0,200.0,ACTIVE,2025-02-24 13:05:03,2025-02-24 13:05:03,retail
GC-STORE-0512-9268,99.98,99.98,ACTIVE,2025-01-09 11:36:58,2025-01-09 11:36:58,store
CARD-55643,20.0,20.0,ACTIVE,2025-01-20 19:28:25,2025-01-20 19:28:25,microsoft
GC-STORE-0512-9105,39.98,39.98,ACTIVE,2024-12-22 11:12:27,2024-12-22 11:12:27,store
CARD-17524,150.0,150.0,ACTIVE,2025-01-10 14:32:33,2025-01-10 14:32:33,microsoft
6654997589935752,99.98,99.98,ACTIVE,2025-02-02 19:26:38,2025-02-02 19:26:38,retail
GC-STORE-0512-3346,99.98,99.98,ACTIVE,2025-03-03 21:54:21,2025-03-03 21:54:21,store
6537456842694037,199.98,199.98,ACTIVE,2025-01-13 18:03:38,2025-01-13 18:03:38,retail
5926070975628796,40.0,40.0,ACTIVE,2025-02-11 11:25:22,2025-02-11 11:25:22,retail
PVDV-3323,300.0,300.0,ACTIVE,2025-01-11 11:38:30,2025-01-11 11:38:30,amazon
XCGW-2411,300.0,300.0,ACTIVE,2025-01-04 20:53:54,2025-01-04 20:53:54,amazon
1770841523581366,40.0,40.0,ACTIVE,2024-12-30 13:24:09,2024-12-30 13:24:09,retail
HIJP-3406,40.0,40.0,ACTIVE,2025-03-03 13:09:30,2025-03-03 13:09:30,amazon
GC-STORE-0512-4634,150.0,150.0,ACTIVE,2025-01-29 12:56:16,2025-01-29 12:56:16,store
6835295315568511,300.0,300.0,ACTIVE,2024-12-25 11:45:12,2024-12-25 11:45:12,retail
GC-STORE-0512-2644,30.0,30.0,ACTIVE,2025-02-01 13:45:27,2025-02-01 13:45:27,store
OXBP-4450,100.0,100.0,ACTIVE,2025-01-20 12:52:19,2025-01-20 12:52:19,amazon
OLLF-8304,99.98,99.98,ACTIVE,2025-02-16 11:56:15,2025-02-16 11:56:15,amazon
YULS-7420,20.0,20.0,ACTIVE,2024-12-23 18:35:34,2024-12-23 18:35:34,amazon
5071471616972288,99.98,99.98,ACTIVE,2025-02-18 08:05:29,2025-02-18 08:05:29,retail
CUTB-1066,50.0,50.0,ACTIVE,2025-01-27 19:44:53,2025-01-27 19:44:53,amazon
GC-STORE-0512-7746,199.98,199.98,INACTIVE,2025-02-18 18:25:59,2025-02-18 18:25:59,store
CARD-15909,50.0,50.0,ACTIVE,2025-01-02 13:15:20,2025-01-02 13:15:20,microsoft
SUNA-8248,50.0,50.0,ACTIVE,2025-01-04 14:32:36,2025-01-04 14:32:36,amazon
GC-STORE-0512-5818,39.98,39.98,ACTIVE,2025-02-16 18:17:26,2025-02-16 18:17:26,store
CARD-69186,99.98,99.98,ACTIVE,2025-03-05 19:41:47,2025-03-05 19:41:47,microsoft
ODKQ-2569,20.0,20.0,ACTIVE,2025-01-21 17:48:12,2025-01-21 17:48:12,amazon
GC-STORE-0512-9770,30.0,30.0,ACTIVE,2025-01-15 21:54:52,2025-01-15 21:54:52,store
CARD-31554,150.0,150.0,ACTIVE,2025-01-13 17:54:04,2025-01-13 17:54:04,microsoft
9315915583560662,400.0,400.0,ACTIVE,2025-01-17 19:39:31,2025-01-17 19:39:31,retail
CARD-69708,50.0,50.0,ACTIVE,2024-12-23 11:56:35,2024-12-23 11:56:35,microsoft
ORDA-6553,40.0,40.0,ACTIVE,2025-01-12 12:40:22,2025-01-12 12:40:22,amazon
CARD-44952,200.0,200.0,ACTIVE,2025-02-28 12:47:20,2025-02-28 12:47:20,microsoft
GC-STORE-0512-9476,39.98,39.98,ACTIVE,2025-02-11 11:30:40,2025-02-11 11:30:40,store
6882445586599359,50.0,50.0,ACTIVE,2025-01-02 17:33:58,2025-01-02 17:33:58,retail
CARD-73439,20.0,20.0,ACTIVE,2024-12-19 13:50:34,2024-12-19 13:50:34,microsoft
TMVR-1257,199.98,199.98,ACTIVE,2025-02-28 13:55:01,2025-02-28 13:55:01,amazon
GC-STORE-0512-4241,40.0,40.0,ACTIVE,2025-01-24 17:41:20,2025-01-24 17:41:20,store
1941334489243995,400.0,400.0,ACTIVE,2025-01-07 11:45:18,2025-01-07 11:45:18,retail
9304314061874025,99.98,99.98,ACTIVE,2024-12-26 14:26:23,2024-12-26 14:26:23,retail
CARD-85448,150.0,150.0,ACTIVE,2025-02-18 12:23:09,2025-02-18 12:23:09,microsoft
GC-STORE-0512-9281,100.0,100.0,ACTIVE,2025-02-09 14:36:46,2025-02-09 14:36:46,store
HUZF-9111,30.0,30.0,ACTIVE,2024-12-24 21:43:47,2024-12-24 21:43:47,amazon
GC-STORE-0512-6324,200.0,200.0,ACTIVE,2025-01-21 14:47:57,2025-01-21 14:47:57,store
CARD-83303,50.0,50.0,ACTIVE,2025-01-03 11:55:01,2025-01-03 11:55:01,microsoft
EWYT-3618,199.98,199.98,ACTIVE,2025-02-02 10:56:21,2025-02-02 10:56:21,amazon
5336459662430207,400.0,400.0,ACTIVE,2025-01-02 11:48:21,2025-01-02 11:48:21,retail
ALPV-4612,199.98,199.98,ACTIVE,2024-12-28 12:39:13,2024-12-28 12:39:13,amazon
5572752476711778,400.0,400.0,ACTIVE,2025-01-02 13:44:49,2025-01-02 13:44:49,retail
QPNE-8597,200.0,200.0,ACTIVE,2025-03-02 17:23:02,2025-03-02 17:23:02,amazon
2654103977675051,20.0,20.0,ACTIVE,2025-01-23 13:04:21,2025-01-23 13:04:21,retail
PIWV-6541,40.0,40.0,ACTIVE,2025-01-23 18:26:35,2025-01-23 18:26:35,amazon
GC-STORE-0512-7310,20.0,20.0,ACTIVE,2025-02-23 12:04:16,2025-02-23 12:04:16,store
CARD-92002,200.0,200.0,ACTIVE,2025-01-18 12:30:23,2025-01-18 12:30:23,microsoft
GC-STORE-0512-8021,99.98,99.98,ACTIVE,2025-02-17 11:39:27,2025-02-17 11:39:27,store
2787455662004166,30.0,30.0,ACTIVE,2024-12-20 17:18:30,2024-12-20 17:18:30,retail
GC-STORE-0512-1977,40.0,40.0,ACTIVE,2025-01-31 17:50:05,2025-01-31 17:50:05,store
2068012416221132,39.98,39.98,ACTIVE,2025-01-10 08:31:18,2025-01-10 08:31:18,retail
QYDI-7771,300.0,300.0,ACTIVE,2024-12-30 10:48:56,2024-12-30 10:48:56,amazon
CARD-50956,40.0,40.0,ACTIVE,2025-01-04 11:10:42,2025-01-04 11:10:42,microsoft
GC-STORE-0512-8937,20.0,20.0,ACTIVE,2024-12-30 11:51:01,2024-12-30 11:51:01,store
GC-STORE-0512-5123,300.0,300.0,ACTIVE,2025-01-03 12:02:24,2025-01-03 12:02:24,store
MAKD-1521,40.0,40.0,ACTIVE,2024-12-20 11:50:17,2024-12-20 11:50:17,amazon
CARD-83370,150.0,150.0,ACTIVE,2025-02-24 11:58:18,2025-02-24 11:58:18,microsoft
CARD-66295,30.0,30.0,ACTIVE,2024-12-12 11:45:22,2024-12-12 11:45:22,microsoft
GC-STORE-0512-1244,200.0,200.0,ACTIVE,2024-12-21 11:42:43,2024-12-21 11:42:43,store
YSLX-8157,40.0,40.0,ACTIVE,2025-01-27 10:11:39,2025-01-27 10:11:39,amazon
CARD-97597,99.98,99.98,REDEEMEDPENDINGEXPIREDCANCELLED,2025-03-04 19:16:01,2025-03-04 19:16:01,microsoft
3898842918219021,39.98,39.98,ACTIVE,2025-01-14 18:54:57,2025-01-14 18:54:57,retail
8828623003584928,100.0,100.0,ACTIVE,2025-01-15 13:36:34,2025-01-15 13:36:34,retail
4023875323613622,400.0,400.0,ACTIVE,2025-03-09 17:46:37,2025-03-09 17:46:37,retail
CARD-92315,300.0,300.0,ACTIVE,2025-01-20 13:57:38,2025-01-20 13:57:38,microsoft
GC-STORE-0512-5419,199.98,199.98,ACTIVE,2025-02-28 17:57:10,2025-02-28 17:57:10,store
4647755524973726,20.0,20.0,ACTIVE,2025-01-25 13:10:33,2025-01-25 13:10:33,retail
9100706404380727,30.0,30.0,ACTIVE,2025-01-27 17:01:56,2025-01-27 17:01:56,retail
GC-STORE-0512-1193,20.0,20.0,ACTIVE,2025-01-29 13:21:35,2025-01-29 13:21:35,store
5932150276015249,20.0,20.0,REDEEMEDPENDINGEXPIREDCANCELLED,2025-03-06 18:15:01,2025-03-06 18:15:01,retail
PNCO-9764,300.0,300.0,ACTIVE,2025-02-16 13:20:31,2025-02-16 13:20:31,amazon
CARD-36023,200.0,200.0,INACTIVE,2025-02-15 17:59:44,2025-02-15 17:59:44,microsoft
AAMU-2021,400.0,400.0,ACTIVE,2025-02-14 11:35:28,2025-02-14 11:35:28,amazon
GC-STORE-0512-6248,150.0,150.0,ACTIVE,2025-03-09 12:04:07,2025-03-09 12:04:07,store
GC-STORE-0512-2821,30.0,30.0,ACTIVE,2025-02-02 13:24:03,2025-02-02 13:24:03,store
GC-STORE-0512-4027,20.0,20.0,ACTIVE,2024-12-18 12:32:35,2024-12-18 12:32:35,store
6457191848972360,200.0,200.0,ACTIVE,2025-02-01 11:19:40,2025-02-01 11:19:40,retail
CARD-41199,150.0,150.0,ACTIVE,2025-01-11 21:46:54,2025-01-11 21:46:54,microsoft
XKRN-5823,39.98,39.98,ACTIVE,2025-01-10 12:11:25,2025-01-10 12:11:25,amazon
FEDT-5117,300.0,300.0,ACTIVE,2024-12-18 12:57:47,2024-12-18 12:57:47,amazon
FRMC-9089,200.0,200.0,ACTIVE,2025-01-17 12:59:36,2025-01-17 12:59:36,amazon
BPNO-4412,39.98,39.98,ACTIVE,2025-01-03 10:05:40,2025-01-03 10:05:40,amazon
9542454106035729,40.0,40.0,REDEEMEDPENDINGEXPIREDCANCELLED,2025-02-20 11:10:10,2025-02-20 11:10:10,retail
GC-STORE-0512-8044,150.0,150.0,REDEEMEDPENDINGEXPIREDCANCELLED,2025-03-10 12:59:11,2025-03-10 12:59:11,store
5913596960503585,30.0,30.0,ACTIVE,2024-12-15 11:21:17,2024-12-15 11:21:17,retail
CARD-23611,50.0,50.0,ACTIVE,2024-12-11 10:07:51,2024-12-11 10:07:51,microsoft
GC-STORE-0512-9980,20.0,20.0,ACTIVE,2025-01-18 12:32:20,2025-01-18 12:32:20,store
UXJI-6738,300.0,300.0,ACTIVE,2025-02-01 17:45:08,2025-02-01 17:45:08,amazon
KCHD-8898,50.0,50.0,ACTIVE,2025-01-03 12:58:30,2025-01-03 12:58:30,amazon
CARD-86925,400.0,400.0,INACTIVE,2025-01-10 17:36:26,2025-01-10 17:36:26,microsoft
HZNM-8366,20.0,20.0,ACTIVE,2024-12-20 11:50:16,2024-12-20 11:50:16,amazon
GC-STORE-0512-1994,50.0,50.0,ACTIVE,2025-03-05 12:54:07,2025-03-05 12:54:07,store
4353319805637740,400.0,400.0,ACTIVE,2024-12-14 11:21:16,2024-12-14 11:21:16,retail
CARD-71270,400.0,400.0,INACTIVE,2025-03-09 11:56:27,2025-03-09 11:56:27,microsoft
7078383690208396,100.0,100.0,ACTIVE,2025-01-12 13:27:39,2025-01-12 13:27:39,retail
5965224443225327,100.0,100.0,ACTIVE,2025-01-25 11:32:20,2025-01-25 11:32:20,retail
4306478368222574,40.0,40.0,ACTIVE,2025-01-21 11:34:06,2025-01-21 11:34:06,retail
KGPG-9584,200.0,200.0,ACTIVE,2025-01-30 19:05:08,2025-01-30 19:05:08,amazon
CARD-95360,50.0,50.0,ACTIVE,2025-01-02 19:36:37,2025-01-02 19:36:37,microsoft
KSTR-5500,199.98,199.98,INACTIVE,2025-01-14 12:10:29,2025-01-14 12:10:29,amazon
4523321213584659,99.98,99.98,ACTIVE,2025-02-17 19:25:06,2025-02-17 19:25:06,retail
OZKX-4840,100.0,100.0,ACTIVE,2025-02-10 20:29:14,2025-02-10 20:29:14,amazon
2366436502655680,150.0,150.0,ACTIVE,2025-03-07 12:52:23,2025-03-07 12:52:23,retail
KRLW-5348,100.0,100.0,ACTIVE,2025-01-11 13:04:41,2025-01-11 13:04:41,amazon
CARD-49690,199.98,199.98,ACTIVE,2025-02-19 13:51:38,2025-02-19 13:51:38,microsoft
CARD-80346,150.0,150.0,INACTIVE,2025-02-21 17:59:58,2025-02-21 17:59:58,microsoft
CARD-62992,50.0,50.0,ACTIVE,2025-01-16 17:12:20,2025-01-16 17:12:20,microsoft
CARD-71737,400.0,400.0,ACTIVE,2025-01-16 11:00:50,2025-01-16 11:00:50,microsoft
GC-STORE-0512-3583,99.98,99.98,ACTIVE,2025-01-05 11:06:10,2025-01-05 11:06:10,store
2507798905468798,199.98,199.98,ACTIVE,2024-12-18 13:54:19,2024-12-18 13:54:19,retail
2068699580937155,30.0,30.0,ACTIVE,2024-12-19 11:26:03,2024-12-19 11:26:03,retail
LNCS-1731,20.0,20.0,ACTIVE,2025-02-05 13:13:52,2025-02-05 13:13:52,amazon
CARD-72380,200.0,200.0,ACTIVE,2025-03-08 12:23:14,2025-03-08 12:23:14,microsoft
2748169924005414,199.98,199.98,ACTIVE,2025-02-21 11:53:30,2025-02-21 11:53:30,retail
9483346004106275,39.98,39.98,ACTIVE,2025-02-08 18:31:37,2025-02-08 18:31:37,retail
CARD-58193,400.0,400.0,ACTIVE,2025-01-16 18:27:36,2025-01-16 18:27:36,microsoft
GC-STORE-0512-4516,50.0,50.0,ACTIVE,2024-12-12 13:52:47,2024-12-12 13:52:47,store
GC-STORE-0512-3613,100.0,100.0,ACTIVE,2025-01-11 12:56:15,2025-01-11 12:56:15,store
5125101764789271,199.98,199.98,ACTIVE,2024-12-19 13:26:07,2024-12-19 13:26:07,retail
QGDM-1918,150.0,150.0,ACTIVE,2025-03-06 12:50:18,2025-03-06 12:50:18,amazon
CARD-75638,300.0,300.0,ACTIVE,2025-01-27 11:14:08,2025-01-27 11:14:08,microsoft
GC-STORE-0512-2845,300.0,300.0,ACTIVE,2024-12-11 11:44:37,2024-12-11 11:44:37,store
OGWI-9496,50.0,50.0,ACTIVE,2025-01-04 12:37:55,2025-01-04 12:37:55,amazon
GC-STORE-0512-4006,50.0,50.0,ACTIVE,2025-03-09 18:14:53,2025-03-09 18:14:53,store
5842703963995163,150.0,150.0,ACTIVE,2025-02-22 20:54:16,2025-02-22 20:54:16,retail
POTS-6024,50.0,50.0,ACTIVE,2025-02-14 12:14:17,2025-02-14 12:14:17,amazon
CORH-7527,199.98,199.98,ACTIVE,2025-02-13 19:31:23,2025-02-13 19:31:23,amazon
KUIH-7621,20.0,20.0,ACTIVE,2025-03-08 14:13:36,2025-03-08 14:13:36,amazon
CARD-31119,39.98,39.98,ACTIVE,2025-02-03 19:10:13,2025-02-03 19:10:13,microsoft
5829776931712955,200.0,200.0,ACTIVE,2025-01-21 08:08:16,2025-01-21 08:08:16,retail
2255420133554654,30.0,30.0,ACTIVE,2025-03-05 11:47:00,2025-03-05 11:47:00,retail
6932696303975121,150.0,150.0,ACTIVE,2024-12-15 12:56:00,2024-12-15 12:56:00,retail
KPJR-5808,39.98,39.98,ACTIVE,2025-02-11 13:42:05,2025-02-11 13:42:05,amazon
GC-STORE-0512-3003,100.0,100.0,INACTIVE,2025-03-04 11:59:13,2025-03-04 11:59:13,store
CARD-77961,200.0,200.0,ACTIVE,2025-02-14 11:00:44,2025-02-14 11:00:44,microsoft
1484070187243405,30.0,30.0,ACTIVE,2025-01-26 14:39:41,2025-01-26 14:39:41,retail
3876458007939736,30.0,30.0,ACTIVE,2025-02-12 12:58:56,2025-02-12 12:58:56,retail
8271057454784997,39.98,39.98,ACTIVE,2025-02-04 19:23:55,2025-02-04 19:23:55,retail
GC-STORE-0512-7516,20.0,20.0,ACTIVE,2025-01-02 13:41:52,2025-01-02 13:41:52,store
SKIG-1546,300.0,300.0,ACTIVE,2025-02-22 11:42:40,2025-02-22 11:42:40,amazon
GC-STORE-0512-4886,40.0,40.0,ACTIVE,2025-01-12 17:50:38,2025-01-12 17:50:38,store
GC-STORE-0512-9397,400.0,400.0,REDEEMEDPENDINGEXPIREDCANCELLED,2025-02-01 15:08:20,2025-02-01 15:08:20,store
7333276549539071,150.0,150.0,ACTIVE,2025-01-14 19:15:23,2025-01-14 19:15:23,retail
2445355921158679,20.0,20.0,ACTIVE,2025-02-21 11:24:02,2025-02-21 11:24:02,retail
OXMU-9833,200.0,200.0,ACTIVE,2025-03-08 11:58:04,2025-03-08 11:58:04,amazon
3898855059570486,200.0,200.0,ACTIVE,2025-01-08 20:36:47,2025-01-08 20:36:47,retail
1398472475446861,40.0,40.0,ACTIVE,2025-01-23 12:56:53,2025-01-23 12:56:53,retail
9185635327079470,400.0,400.0,ACTIVE,2025-02-06 12:31:48,2025-02-06 12:31:48,retail
CARD-32757,20.0,20.0,ACTIVE,2025-02-25 11:22:50,2025-02-25 11:22:50,microsoft
BHMA-8327,300.0,300.0,INACTIVE,2024-12-13 12:49:27,2024-12-13 12:49:27,amazon
CARD-67974,30.0,30.0,REDEEMEDPENDINGEXPIREDCANCELLED,2025-02-27 16:05:54,2025-02-27 16:05:54,microsoft
8166553773123989,100.0,100.0,ACTIVE,2024-12-31 11:59:30,2024-12-31 11:59:30,retail
CARD-72590,39.98,39.98,ACTIVE,2025-02-18 13:48:11,2025-02-18 13:48:11,microsoft
CARD-89146,39.98,39.98,ACTIVE,2025-03-01 12:39:04,2025-03-01 12:39:04,microsoft
8863231046731028,199.98,199.98,ACTIVE,2025-01-12 11:28:42,2025-01-12 11:28:42,retail
UECK-8401,30.0,30.0,ACTIVE,2025-02-27 12:07:32,2025-02-27 12:07:32,amazon
CARD-33780,30.0,30.0,ACTIVE,2025-01-30 13:56:12,2025-01-30 13:56:12,microsoft
GC-STORE-0512-5263,40.0,40.0,ACTIVE,2024-12-13 13:35:58,2024-12-13 13:35:58,store
7922787564347302,50.0,50.0,REDEEMEDPENDINGEXPIREDCANCELLED,2025-01-27 13:46:36,2025-01-27 13:46:36,retail
2115580237008462,300.0,300.0,ACTIVE,2025-01-16 13:35:04,2025-01-16 13:35:04,retail
HSUP-6161,30.0,30.0,ACTIVE,2025-01-09 16:07:56,2025-01-09 16:07:56,amazon
6590009695021693,20.0,20.0,ACTIVE,2024-12-31 21:24:15,2024-12-31 21:24:15,retail
8614515124596626,39.98,39.98,ACTIVE,2024-12-12 13:27:41,2024-12-12 13:27:41,retail
CARD-45909,199.98,199.98,ACTIVE,2025-01-29 12:17:43,2025-01-29 12:17:43,microsoft
6382775463038948,200.0,200.0,ACTIVE,2025-01-08 13:51:11,2025-01-08 13:51:11,retail
CARD-22773,20.0,20.0,ACTIVE,2025-01-14 13:20:48,2025-01-14 13:20:48,microsoft
CARD-87740,20.0,20.0,ACTIVE,2024-12-28 12:54:30,2024-12-28 12:54:30,microsoft
CARD-77309,99.98,99.98,ACTIVE,2025-03-02 13:54:16,2025-03-02 13:54:16,microsoft
CARD-43364,30.0,30.0,ACTIVE,2025-01-22 11:55:35,2025-01-22 11:55:35,microsoft
7378015895991305,30.0,30.0,ACTIVE,2025-02-24 11:14:29,2025-02-24 11:14:29,retail
6070917017638918,400.0,400.0,ACTIVE,2025-01-20 12:54:56,2025-01-20 12:54:56,retail
CYRH-9665,300.0,300.0,REDEEMEDPENDINGEXPIREDCANCELLED,2025-02-28 13:17:38,2025-02-28 13:17:38,amazon
GC-STORE-0512-6478,39.98,39.98,ACTIVE,2025-01-04 18:51:21,2025-01-04 18:51:21,store
DSCZ-3620,30.0,30.0,ACTIVE,2024-12-17 13:34:48,2024-12-17 13:34:48,amazon
CHJF-6562,99.98,99.98,ACTIVE,2025-01-23 19:23:59,2025-01-23 19:23:59,amazon
2548216898423999,150.0,150.0,ACTIVE,2024-12-26 12:15:05,2024-12-26 12:15:05,retail
5373789633672810,50.0,50.0,ACTIVE,2025-01-04 12:57:19,2025-01-04 12:57:19,retail
SBBT-2864,30.0,30.0,ACTIVE,2025-01-18 13:51:17,2025-01-18 13:51:17,amazon
YSDP-2518,20.0,20.0,ACTIVE,2025-01-12 12:32:18,2025-01-12 12:32:18,amazon
1970449877898754,40.0,40.0,ACTIVE,2025-02-13 11:10:28,2025-02-13 11:10:28,retail
NMSY-9395,99.98,99.98,ACTIVE,2024-12-23 11:51:42,2024-12-23 11:51:42,amazon
GC-STORE-0512-3894,300.0,300.0,ACTIVE,2024-12-13 17:49:05,2024-12-13 17:49:05,store
CARD-47716,200.0,200.0,ACTIVE,2025-01-24 10:56:35,2025-01-24 10:56:35,microsoft
YCCW-9595,40.0,40.0,INACTIVE,2025-02-12 12:22:26,2025-02-12 12:22:26,amazon
4352033621093177,50.0,50.0,ACTIVE,2025-01-19 19:29:10,2025-01-19 19:29:10,retail
NXKA-7420,150.0,150.0,ACTIVE,2025-03-04 17:02:04,2025-03-04 17:02:04,amazon
SERN-8014,99.98,99.98,ACTIVE,2024-12-26 12:41:54,2024-12-26 12:41:54,amazon
CARD-97003,50.0,50.0,ACTIVE,2025-02-04 11:03:35,2025-02-04 11:03:35,microsoft
NJFG-4746,100.0,100.0,ACTIVE,2025-03-10 19:22:18,2025-03-10 19:22:18,amazon
LTYN-5001,199.98,199.98,ACTIVE,2025-01-08 11:04:07,2025-01-08 11:04:07,amazon
GC-STORE-0512-4118,400.0,400.0,ACTIVE,2025-02-06 21:26:19,2025-02-06 21:26:19,store
1091492267087533,300.0,300.0,ACTIVE,2025-02-24 19:06:38,2025-02-24 19:06:38,retail
GC-STORE-0512-3402,30.0,30.0,ACTIVE,2025-01-19 12:32:03,2025-01-19 12:32:03,store
GWNT-8753,20.0,20.0,ACTIVE,2025-01-28 12:51:02,2025-01-28 12:51:02,amazon
GC-STORE-0512-9182,30.0,30.0,ACTIVE,2025-03-06 13:59:45,2025-03-06 13:59:45,store
CARD-94898,20.0,20.0,ACTIVE,2025-01-01 11:50:03,2025-01-01 11:50:03,microsoft
4032910764039639,40.0,40.0,INACTIVE,2025-02-04 21:24:19,2025-02-04 21:24:19,retail
GC-STORE-0512-6721,40.0,40.0,ACTIVE,2025-02-01 19:35:36,2025-02-01 19:35:36,store
CARD-96229,39.98,39.98,ACTIVE,2025-03-03 11:11:32,2025-03-03 11:11:32,microsoft
7994498180886195,100.0,100.0,REDEEMEDPENDINGEXPIREDCANCELLED,2025-02-27 18:32:45,2025-02-27 18:32:45,retail
6859275781637724,150.0,150.0,ACTIVE,2024-12-31 19:21:22,2024-12-31 19:21:22,retail
GC-STORE-0512-1549,30.0,30.0,ACTIVE,2025-02-22 12:06:29,2025-02-22 12:06:29,store
CARD-56000,199.98,199.98,ACTIVE,2025-02-15 17:52:19,2025-02-15 17:52:19,microsoft
GC-STORE-0512-7784,150.0,150.0,ACTIVE,2025-01-01 17:43:01,2025-01-01 17:43:01,store
7619368386069566,99.98,99.98,ACTIVE,2025-01-31 15:13:29,2025-01-31 15:13:29,retail
CARD-40990,400.0,400.0,ACTIVE,2024-12-25 11:44:25,2024-12-25 11:44:25,microsoft
GC-STORE-0512-9374,150.0,150.0,REDEEMEDPENDINGEXPIREDCANCELLED,2025-01-10 13:26:52,2025-01-10 13:26:52,store
CARD-28456,40.0,40.0,ACTIVE,2025-02-05 13:37:32,2025-02-05 13:37:32,microsoft
CARD-76846,400.0,400.0,ACTIVE,2024-12-24 11:43:06,2024-12-24 11:43:06,microsoft
3636684757006314,150.0,150.0,ACTIVE,2025-02-14 13:57:23,2025-02-14 13:57:23,retail
MATY-4793,400.0,400.0,ACTIVE,2025-01-13 11:41:22,2025-01-13 11:41:22,amazon
IBVZ-8502,199.98,199.98,ACTIVE,2024-12-27 11:40:40,2024-12-27 11:40:40,amazon
VXTO-4699,150.0,150.0,ACTIVE,2025-02-02 11:13:00,2025-02-02 11:13:00,amazon
CARD-19706,300.0,300.0,ACTIVE,2025-02-08 13:57:29,2025-02-08 13:57:29,microsoft
6739157278303542,20.0,20.0,ACTIVE,2025-01-16 11:22:19,2025-01-16 11:22:19,retail
CARD-93032,199.98,199.98,INACTIVE,2025-03-05 17:02:46,2025-03-05 17:02:46,microsoft
3458524593891179,199.98,199.98,ACTIVE,2025-01-06 11:48:27,2025-01-06 11:48:27,retail
LUYE-8269,150.0,150.0,REDEEMEDPENDINGEXPIREDCANCELLED,2025-02-15 19:29:50,2025-02-15 19:29:50,amazon
CARD-84839,100.0,100.0,INACTIVE,2024-12-26 12:51:16,2024-12-26 12:51:16,microsoft
GC-STORE-0512-7086,30.0,30.0,ACTIVE,2025-02-14 19:02:30,2025-02-14 19:02:30,store
CARD-40597,150.0,150.0,ACTIVE,2025-01-17 19:07:03,2025-01-17 19:07:03,microsoft
JPQX-8788,300.0,300.0,INACTIVE,2024-12-29 17:03:17,2024-12-29 17:03:17,amazon
CARD-74666,200.0,200.0,REDEEMEDPENDINGEXPIREDCANCELLED,2025-01-06 11:22:06,2025-01-06 11:22:06,microsoft
GC-STORE-0512-2840,200.0,200.0,ACTIVE,2025-02-17 18:49:29,2025-02-17 18:49:29,store
NZFQ-6343,50.0,50.0,ACTIVE,2025-02-20 14:14:23,2025-02-20 14:14:23,amazon
XFMY-7042,39.98,39.98,ACTIVE,2025-01-30 13:32:16,2025-01-30 13:32:16,amazon
1618368512939682,39.98,39.98,ACTIVE,2025-02-06 13:33:23,2025-02-06 13:33:23,retail
KPQR-5643,300.0,300.0,ACTIVE,2024-12-18 20:47:12,2024-12-18 20:47:12,amazon
CARD-51072,200.0,200.0,ACTIVE,2025-02-04 11:22:23,2025-02-04 11:22:23,microsoft
CARD-60923,50.0,50.0,ACTIVE,2024-12-17 17:50:33,2024-12-17 17:50:33,microsoft
2247907415697215,400.0,400.0,ACTIVE,2024-12-26 11:30:44,2024-12-26 11:30:44,retail
COGH-6027,199.98,199.98,ACTIVE,2024-12-19 12:24:21,2024-12-19 12:24:21,amazon
WQYM-2649,100.0,100.0,INACTIVE,2025-03-07 11:31:46,2025-03-07 11:31:46,amazon
6764652866115359,400.0,400.0,INACTIVE,2025-01-22 12:57:29,2025-01-22 12:57:29,retail
4426601143883781,30.0,30.0,ACTIVE,2024-12-28 17:54:21,2024-12-28 17:54:21,retail
5328517914058579,30.0,30.0,ACTIVE,2025-02-18 14:51:51,2025-02-18 14:51:51,retail
CARD-44021,50.0,50.0,ACTIVE,2024-12-16 13:01:21,2024-12-16 13:01:21,microsoft
2282890771420277,100.0,100.0,ACTIVE,2025-01-06 11:36:57,2025-01-06 11:36:57,retail
GC-STORE-0512-4877,100.0,100.0,ACTIVE,2024-12-23 11:30:07,2024-12-23 11:30:07,store
GC-STORE-0512-7225,400.0,400.0,ACTIVE,2025-02-06 13:53:33,2025-02-06 13:53:33,store
6966851239683688,99.98,99.98,ACTIVE,2025-03-06 11:42:25,2025-03-06 11:42:25,retail
CARD-31275,150.0,150.0,REDEEMEDPENDINGEXPIREDCANCELLED,2025-01-04 13:01:34,2025-01-04 13:01:34,microsoft
CARD-53881,200.0,200.0,ACTIVE,2024-12-27 11:45:28,2024-12-27 11:45:28,microsoft
5848539224707835,300.0,300.0,ACTIVE,2025-02-11 11:11:00,2025-02-11 11:11:00,retail
GC-STORE-0512-5534,39.98,39.98,ACTIVE,2025-01-10 11:18:26,2025-01-10 11:18:26,store
CARD-10298,20.0,20.0,ACTIVE,2025-01-05 11:53:46,2025-01-05 11:53:46,microsoft
UTFV-6078,39.98,39.98,ACTIVE,2025-02-11 18:07:32,2025-02-11 18:07:32,amazon
GC-STORE-0512-2422,200.0,200.0,ACTIVE,2025-02-20 11:30:05,2025-02-20 11:30:05,store
GC-STORE-0512-6922,39.98,39.98,INACTIVE,2025-02-26 12:25:58,2025-02-26 12:25:58,store
CARD-89784,20.0,20.0,ACTIVE,2025-02-13 13:51:50,2025-02-13 13:51:50,microsoft
GC-STORE-0512-7856,40.0,40.0,ACTIVE,2024-12-30 12:00:15,2024-12-30 12:00:15,store
CARD-78550,150.0,150.0,ACTIVE,2025-02-06 11:31:25,2025-02-06 11:31:25,microsoft
8156749357950694,400.0,400.0,ACTIVE,2025-03-01 11:14:46,2025-03-01 11:14:46,retail
ULXL-3765,100.0,100.0,ACTIVE,2025-01-22 12:34:24,2025-01-22 12:34:24,amazon
CRTP-9972,39.98,39.98,ACTIVE,2025-01-25 13:30:01,2025-01-25 13:30:01,amazon
CARD-65898,99.98,99.98,ACTIVE,2025-03-09 12:07:39,2025-03-09 12:07:39,microsoft
2997511676154978,150.0,150.0,ACTIVE,2024-12-28 18:53:08,2024-12-28 18:53:08,retail
1296628860541624,300.0,300.0,ACTIVE,2024-12-21 12:15:53,2024-12-21 12:15:53,retail
CARD-97507,100.0,100.0,INACTIVE,2025-03-09 12:17:55,2025-03-09 12:17:55,microsoft
CARD-16335,30.0,30.0,REDEEMEDPENDINGEXPIREDCANCELLED,2025-01-06 13:00:32,2025-01-06 13:00:32,microsoft
GC-STORE-0512-1883,40.0,40.0,ACTIVE,2025-02-01 13:33:52,2025-02-01 13:33:52,store
CARD-77637,40.0,40.0,ACTIVE,2024-12-24 11:51:39,2024-12-24 11:51:39,microsoft
2351193095379935,39.98,39.98,ACTIVE,2025-02-13 13:25:58,2025-02-13 13:25:58,retail
NCVW-3791,50.0,50.0,ACTIVE,2025-03-09 17:41:07,2025-03-09 17:41:07,amazon
GC-STORE-0512-3086,100.0,100.0,ACTIVE,2025-01-05 12:45:41,2025-01-05 12:45:41,store
CARD-72746,30.0,30.0,ACTIVE,2025-02-21 11:00:04,2025-02-21 11:00:04,microsoft
GC-STORE-0512-4863,300.0,300.0,ACTIVE,2024-12-18 18:15:56,2024-12-18 18:15:56,store
GC-STORE-0512-8778,100.0,100.0,ACTIVE,2025-02-06 20:41:42,2025-02-06 20:41:42,store
GC-STORE-0512-5676,199.98,199.98,INACTIVE,2025-01-19 13:37:52,2025-01-19 13:37:52,store
WMBU-7688,30.0,30.0,INACTIVE,2025-03-06 12:31:46,2025-03-06 12:31:46,amazon
4807909792924370,39.98,39.98,ACTIVE,2025-01-09 12:22:09,2025-01-09 12:22:09,retail
2505943367695902,400.0,400.0,ACTIVE,2025-01-07 11:31:12,2025-01-07 11:31:12,retail
1295267015051855,100.0,100.0,ACTIVE,2024-12-11 17:34:33,2024-12-11 17:34:33,retail
NUNI-4662,39.98,39.98,ACTIVE,2024-12-11 08:05:01,2024-12-11 08:05:01,amazon
CARD-98402,199.98,199.98,INACTIVE,2025-01-03 12:59:18,2025-01-03 12:59:18,microsoft
7416609097282408,20.0,20.0,ACTIVE,2025-03-10 12:02:47,2025-03-10 12:02:47,retail
GC-STORE-0512-1522,199.98,199.98,INACTIVE,2025-02-09 13:00:45,2025-02-09 13:00:45,store
4672866172555701,99.98,99.98,ACTIVE,2025-01-24 12:19:03,2025-01-24 12:19:03,retail
ALSJ-9901,199.98,199.98,ACTIVE,2025-02-21 11:32:32,2025-02-21 11:32:32,amazon
7552821358719206,40.0,40.0,ACTIVE,2024-12-23 12:01:38,2024-12-23 12:01:38,retail
